,Id,Nome,album,Banda,Genero,Data_lancamento,Popularidade_Banda,Duracao,Popularidade,acustica,dancabilidade,energia,Instrumentalidade,vivacidade,Volume,speechiness,tempo,time_signature
0,1GQv9r0tn00ZfHTw92jAcW,CHOKE,ERROR,The Warning,"['mexican metal', 'monterrey indie']",2022-06-24,51,231854,48,8.65e-05,0.37,0.832,5.38e-05,0.0747,-4.857,0.041,175.922,4
1,2xXPVOKw75Ouju8Qu4SdIA,I Don't Wanna Talk (I Just Wanna Dance),Dreamland (+ Bonus Levels),Glass Animals,"['gauze pop', 'indietronica', 'shiver pop']",2021-09-09,77,195190,65,0.0156,0.703,0.624,5.53e-05,0.299,-6.228,0.0364,131.966,4
2,1elZoRKwy8Rirjv8yaBxp3,I Wanna Believe,I Wanna Believe,MISCHO,[],2022-01-01,27,192653,26,0.00232,0.676,0.834,1.47e-06,0.0723,-8.058,0.1,103.993,4
3,3ztKHejzVoxJRKSZHFFMdJ,Twilight Zone,The Long Versions - Part One,Golden Earring,"['album rock', 'classic rock', 'dutch pop', 'dutch prog', 'dutch rock', 'hard rock', 'nederpop']",2008-10-22,54,478106,55,0.00785,0.656,0.756,3.49e-05,0.0927,-6.516,0.0399,118.56,4
4,3YYnFEXCLNbaWuC0hIEnIS,Patient Number 9 (feat. Jeff Beck),Patient Number 9,Ozzy Osbourne,"['album rock', 'birmingham metal', 'hard rock', 'metal', 'rock']",2022-09-09,70,441402,60,0.000195,0.318,0.87,0.192,0.133,-4.246,0.0652,169.906,4
5,3FjpSnfyxtdzkfRITFFg2F,The World Is Burning,Ruins,Ember Falls,"['electronic djent', 'finnish metal', 'melodic metal']",2021-12-17,38,253400,41,1.89e-05,0.428,0.946,2.59e-05,0.384,-7.03,0.0957,150.01,4
6,2jY2PFrpUfA43XcQtDbSdz,Low Budget Horror,Low Budget Horror,RedHook,"['australian alternative rock', 'slayer']",2022-01-21,45,181631,45,0.00609,0.425,0.93,0.0,0.35,-3.592,0.16,155.283,4
7,5z0QlOV93W6Yo7DG2SYOJP,weapon,fever,Against The Current,"['neon pop punk', 'pixie', 'pop punk']",2021-07-23,63,197209,57,0.00021,0.402,0.924,0.0,0.237,-4.089,0.156,180.075,4
8,0Y2kTZlKmbcsLSTHnLETBj,Atonement,Atonement,Conquer Divide,"['metalcore', 'pixie', 'post-screamo']",2022-03-21,49,237115,52,0.00328,0.488,0.851,0.00222,0.087,-8.979,0.0396,103.974,4
9,4B0kB0hZMxRAZXW9aj1lbu,Chemicals,Chemicals,Conquer Divide,"['metalcore', 'pixie', 'post-screamo']",2020-08-07,49,230000,44,0.00175,0.383,0.945,8.02e-05,0.381,-3.74,0.0866,150.102,4
10,05Ih76Yb0TbWCl0PEUsvtp,Lavenders,Sad Looks Pretty on Me,Rivals,['pop emo'],2021-03-19,43,195818,40,0.0193,0.563,0.915,0.0,0.591,-2.45,0.0542,110.025,4
11,7mykoq6R3BArsSpNDjFQTm,I Really Want to Stay at Your House,"Cyberpunk 2077: Radio, Vol. 2 (Original Soundtrack)",Various Artists,[],2020-12-18,65,246652,84,0.00237,0.49,0.738,4.58e-06,0.0851,-7.399,0.0367,124.966,4
12,2HZLXBOnaSRhXStMLrq9fD,Mary On A Cross,Seven Inches Of Satanic Panic,Ghost,"['hard rock', 'metal']",2019-09-13,76,244804,85,0.000235,0.466,0.9,0.00104,0.103,-4.469,0.0447,130.02,4
13,1nkOWBc6valgQNIoPy04fc,under the influence - sped up + reverb,under the influence - sped up + reverb,sped up + reverb tazzy,['sped up'],2022-07-31,64,151916,36,0.175,0.642,0.465,0.0,0.154,-11.607,0.03,140.4,4
14,4GRFzKI7jTZ3kbMfouc7bn,Backstabber,Animal (Expanded Edition),Kesha,"['dance pop', 'pop', 'post-teen pop']",2010-01-01,75,186840,74,0.0666,0.6,0.939,6.18e-06,0.34,-1.794,0.19,159.941,4
15,2tTmW7RDtMQtBk7m2rYeSw,"Quevedo: Bzrp Music Sessions, Vol. 52","Quevedo: Bzrp Music Sessions, Vol. 52",Bizarrap,"['argentine hip hop', 'pop venezolano', 'trap argentino']",2022-07-06,84,198937,97,0.0125,0.621,0.782,0.033,0.23,-5.548,0.044,128.033,4
16,611nlMA40SKg9gQ4pTVXT3,Discord,Discord,The Living Tombstone,['fnaf'],2012-01-21,69,193776,67,0.00682,0.676,0.835,3.04e-05,0.081,-4.382,0.044,104.987,4
17,7s0AECqA0D1oNiZuVHi3rt,Special,Special,Charlotte Sands,"['alt z', 'pop punk']",2021-02-26,56,181614,24,0.00907,0.721,0.711,0.0,0.0705,-5.768,0.0718,149.981,4
18,1zV75d6SpJ0SUo08TWNSc2,The Factory Gates,"Education, Education, Education & War",Kaiser Chiefs,"['alternative rock', 'modern rock', 'rock']",2014-01-01,59,212480,47,0.0405,0.256,0.964,0.0,0.123,-4.129,0.153,160.554,4
19,7DnAm9FOTWE3cUvso43HhI,Sweet but Psycho,Heaven & Hell,Ava Max,"['dance pop', 'pop']",2020-09-18,79,187436,80,0.0684,0.72,0.706,0.0,0.166,-4.719,0.0473,133.002,4
20,6TL5UgbNHsgL3Zb6nLt7yw,Incomplete,Incomplete,Traceless,[],2019-11-15,34,258857,35,0.00111,0.519,0.872,7.27e-06,0.285,-4.609,0.0905,140.047,4
21,6kR2k5TsHikk2OLM3VmMnk,Hear Me Screaming,Hear Me Screaming,Alicewell,[],2020-07-03,24,226000,38,0.000184,0.429,0.887,7.75e-05,0.269,-4.206,0.0575,74.989,4
22,6lFlc10D5VdFYZyXbZzbvA,Everything I Wanted,Everything I Wanted,Now or Never,['punk cover'],2020-02-14,25,251031,39,2.28e-05,0.583,0.794,0.00051,0.312,-6.385,0.0329,120.034,4
23,3oc1pUNS4sZH6sbCmhK02Q,HURT,HURT,VUKOVI,"['modern alternative rock', 'modern rock', 'pixie']",2021-07-21,46,203177,28,0.002,0.278,0.956,0.0,0.132,-4.887,0.154,83.44,4
24,46gagaOPPw3jmsfVBdXmCx,blackpill,blackpill,Kala,"['canadian post-hardcore', 'kelowna bc indie']",2020-06-25,35,190600,35,0.00104,0.348,0.93,0.00128,0.29,-3.784,0.102,150.107,4
25,7FdUvDkaE24o3FPIWTvzv2,Follow You,Follow You / Cutthroat,Imagine Dragons,"['modern rock', 'rock']",2021-03-12,87,175643,72,0.00209,0.542,0.732,7.92e-05,0.496,-5.956,0.0521,124.912,4
26,6xZ4Q2k2ompmDppyeESIY8,Level of Concern,Level of Concern,Twenty One Pilots,"['modern rock', 'rock']",2020-04-09,79,220051,67,0.32,0.754,0.583,0.00015,0.144,-7.34,0.0432,122.012,4
27,4m562HkASV1QOIQ8ugzaRu,Things Are Better - Alt Version,Use Me (Deluxe),PVRIS,"['modern rock', 'pixie', 'pop', 'pop emo', 'pop punk']",2020-10-22,62,178533,40,0.00635,0.615,0.667,1.72e-05,0.269,-5.966,0.0546,112.481,4
28,5hR6O5PtXtJ6wd0rdFeZmE,Genesis 37:35,A World of Disaster,Writing The Future,['swedish metalcore'],2020-07-13,28,240000,37,0.00292,0.359,0.877,0.000103,0.313,-4.151,0.302,161.0,4
29,5g0esJYETNGC7SU6yq1O3t,Enemies,A Lunar Rose,Saviour,"['australian post-hardcore', 'melodic hardcore', 'metalcore']",2020-02-07,36,283375,32,0.0244,0.526,0.991,0.0,0.128,-2.813,0.123,92.541,4
30,6UelLqGlWMcVH1E5c4H7lY,Watermelon Sugar,Fine Line,Harry Styles,['pop'],2019-12-13,89,174000,88,0.122,0.548,0.816,0.0,0.335,-4.209,0.0465,95.39,4
31,1iznrRcoxd1M2XzA6PzEOB,My Kind of Guy,"Yours Truly, Angry Mob (Deluxe)",Kaiser Chiefs,"['alternative rock', 'modern rock', 'rock']",2007-02-26,59,246506,6,0.000184,0.306,0.902,3.95e-05,0.253,-3.889,0.0346,114.722,4
32,1PG0RRlSIfB7Ea00IZj8Fy,Wasted,GREYSCALE,Sleeping Wolf,"['bossbeat', 'indie poptimism', 'modern alternative rock']",2020-09-18,44,164040,34,3.55e-05,0.524,0.938,2.53e-05,0.117,-5.459,0.0573,120.058,4
33,2d8D7uk3tbAThjRkdfrx9c,Voyage voyage,François,Desireless,"['french synthpop', 'italian disco']",2001-01-02,52,266600,69,0.246,0.606,0.913,0.00696,0.34,-6.039,0.0351,123.58,4
34,1xPSDf8z4dH46gkvlLtvDO,Maniac,Flashdance Original Soundtrack From The Motion Picture,Various Artists,"['hi-nrg', 'new wave pop', 'soft rock']",1983-01-01,60,244706,0,0.0891,0.617,0.533,4.04e-06,0.0415,-11.516,0.0651,158.86,4
35,7uHO4AmKtyGa5v5fsElGoC,You Spin Me Round (Like a Record),Youthquake,Dead Or Alive,"['hi-nrg', 'new romantic', 'new wave', 'new wave pop', 'synthpop']",1985-03-26,58,199666,1,0.0312,0.567,0.943,0.0965,0.544,-7.992,0.0387,128.207,4
36,4ih3dyFZoeTdaeJW9mPbOI,Mr. Vain - Original Radio Edit,Mr. Vain,Culture Beat,"['bubblegum dance', 'eurodance', 'europop', 'german techno', 'hip house']",1993-01-01,55,257466,68,0.0726,0.703,0.997,0.0235,0.123,-7.666,0.0399,132.872,4
37,3ioH4Hroyj5mpYVskBZqhS,Say You Don't Want Me,Riding On A New Wave,Le Bon,[],2019-08-06,23,223529,0,0.0826,0.651,0.523,4.45e-05,0.105,-9.437,0.0256,101.986,4
38,3L7RtEcu1Hw3OXrpnthngx,Don't You Want Me,Dare!,The Human League,"['art rock', 'new romantic', 'new wave', 'new wave pop', 'permanent wave', 'sophisti-pop', 'synthpop']",1981,60,236920,75,0.184,0.731,0.738,0.0,0.214,-8.125,0.0377,117.656,4
39,1n3d0RJlmnKEpgNgW5cBv0,Nothing's Over,Balance Restored,Day/Four,[],2019-09-13,25,269082,42,0.000223,0.533,0.814,0.0145,0.161,-6.174,0.0448,78.001,4
40,7okNsmggT5LVDQOiRX805S,Divide,Divide,Vigils,['post-screamo'],2019-09-20,25,227960,30,0.00119,0.436,0.982,0.0547,0.316,-5.223,0.112,129.972,4
41,0BJYjPDuQ2MCAVkBzPd5TG,Ayahuasca,Commas,Entail of Crow,['trancecore'],2020-11-11,28,193515,38,0.102,0.56,0.748,0.0,0.0843,-4.162,0.0412,140.044,4
42,055AztjzPRegir100FGC41,The Cure,The Cure,Wake Up Hate,"['deep metalcore', 'gymcore', 'metalcore', 'post-screamo']",2019-12-20,37,198857,33,0.000673,0.522,0.922,5.06e-05,0.0882,-5.662,0.051,139.968,4
43,0ZwTN05oFpgYVNH6XbpIMO,Monster in the Closet,Monster in the Closet,Subcon,[],2020-03-27,19,198931,35,0.00415,0.55,0.932,0.0,0.443,-4.954,0.153,155.086,4
44,7myCzML6gYvxf2fb5wY2rz,Memories,Memories,Foxera,[],2020-04-03,29,285333,38,5.37e-05,0.473,0.939,0.0,0.136,-3.587,0.061,89.977,4
45,4lyOW3OZYBV603Df3X3Fre,Chuggflix and Chill,Chuggflix and Chill,ChuggaBoom,['post-screamo'],2020-05-01,35,190833,0,0.00154,0.543,0.99,0.0,0.224,-1.492,0.265,90.108,4
46,67GyObHxvR9o5yzyQ4FdHd,Sign Of The Cross,The X Factor,Iron Maiden,"['hard rock', 'metal', 'nwobhm', 'rock']",1995-10-02,72,677960,0,0.0193,0.342,0.714,0.448,0.112,-11.799,0.0524,100.541,4
47,2JUwLeTzOR5eSbnizg4QWi,Uncover,Uncover,Braaheim,"['covertronica', 'dance pop', 'edm', 'pop dance', 'slap house']",2020-09-11,62,157382,65,0.0238,0.69,0.788,0.0,0.21,-6.344,0.107,122.032,4
48,3RsrKzD7rntAYMbiBt7tM0,Holding Me Down,Do You Feel O.K?,Picturesque,"['pixie', 'post-screamo']",2020-04-24,43,209720,50,0.00224,0.285,0.728,0.0,0.227,-4.19,0.0483,171.4,3
49,6NJiX7NrR0DaYO01UCyT6m,Break,Break,Before Their Eyes,"['metalcore', 'post-screamo', 'screamo']",2020-01-03,31,195286,11,0.00994,0.65,0.906,3.35e-06,0.215,-5.049,0.0484,120.013,4
50,5zNf8MI40Us66R3zutaxvt,Save a Prayer - Single Version,Greatest,Duran Duran,"['dance rock', 'new romantic', 'new wave', 'new wave pop', 'rock', 'synthpop']",1998-11-09,67,225840,57,0.141,0.59,0.662,0.0,0.0935,-9.226,0.0313,113.455,4
51,0X1sqQ652p1sceKM2nJlIJ,Runaway,Bon Jovi,Bon Jovi,"['glam metal', 'rock']",1984-01-01,76,230666,72,0.00375,0.475,0.899,1.91e-05,0.14,-4.321,0.0637,152.445,4
52,4vh66ApXsKOnHL6N93wjtU,Sometimes,The Good Youth,Blitz Kids,"['british alternative rock', 'uk pop punk']",2014-01-21,26,235199,0,8.87e-05,0.478,0.948,1.06e-06,0.109,-2.994,0.0778,90.579,4
53,7ciLq0Cip0yxiz6KANrOUq,Toothbrush,DNCE,DNCE,"['dance pop', 'pop', 'post-teen pop']",2016-11-18,69,231813,66,0.122,0.556,0.785,0.0,0.468,-5.842,0.133,104.978,4
54,5WHTFyqSii0lmT9R21abT8,Don't Call Me Up,Ivy To Roses (Mixtape),Mabel,"['dance pop', 'edm', 'pop', 'pop dance', 'post-teen pop', 'tropical house', 'uk pop']",2019-01-18,69,178480,76,0.296,0.674,0.881,3.01e-06,0.0793,-2.853,0.147,98.994,4
55,5LtNBCM2ve0SxP0dlRVvMu,I'm Gonna Show You Crazy,I'm Gonna Show You Crazy,Bebe Rexha,"['dance pop', 'edm', 'pop', 'post-teen pop']",2014-12-19,83,207775,62,0.0758,0.474,0.537,0.0,0.316,-6.77,0.0649,90.103,4
56,203c3jfQ4JZn1BBfXG84I4,An Honest Mistake,The Bravery,The Bravery,"['alternative dance', 'alternative rock', 'dance-punk', 'indie rock', 'modern rock', 'new rave', 'rock']",2005-03-14,52,219706,57,3.21e-06,0.46,0.889,0.645,0.121,-4.281,0.0294,140.038,4
57,421leiR6jKlH5KDdwLYrOs,Dance Monkey,Dance Monkey,Tones And I,"['australian pop', 'pop']",2019-05-10,70,209754,0,0.693,0.824,0.592,0.000158,0.178,-6.4,0.0969,98.074,4
58,1X4Ntw6Lbaa1ACgilCqMpr,Alive - Chris Lord-Alge Mix,Satellite (U.S. Version),P.O.D.,"['alternative metal', 'funk metal', 'nu metal', 'rap metal', 'rap rock']",2001-09-11,60,205026,62,1.21e-05,0.421,0.95,0.000214,0.314,-3.985,0.0768,80.912,4
59,6YRzgyDwvfAaqqSNgWhttU,Godspeed,Cities,Anberlin,"['christian alternative rock', 'pop punk']",2007-01-01,54,182920,50,5.35e-05,0.4,0.971,8.4e-05,0.101,-4.82,0.0776,176.09,4
60,0d8aJLKZI1r4uOSLZBJaBK,The River,Good Morning Revival,Good Charlotte,"['alternative metal', 'pop punk']",2007-03-16,64,195680,59,0.00677,0.439,0.945,0.0,0.166,-2.21,0.138,161.954,4
61,6G72gzABviuul6g4BSmKqM,I Surrender,The Very Best Of Rainbow,Rainbow,"['album rock', 'classic rock', 'glam metal', 'hard rock', 'metal', 'rock']",1997-07-15,59,241586,33,0.301,0.486,0.744,0.0,0.253,-8.817,0.0497,133.031,4
62,1zfFle2YCXuUFXlAAZ4QOS,The Dirt (Est. 1981) [feat. Machine Gun Kelly],The Dirt (Est. 1981) [feat. Machine Gun Kelly],Mötley Crüe,"['glam metal', 'hard rock', 'metal', 'rock', 'sleaze rock']",2019-02-22,70,232000,0,0.000104,0.432,0.828,0.000215,0.101,-5.769,0.0669,166.035,4
63,7lkZHLOqWxEIKEOp4f0tfN,Now or Never,Megaplex,We Are Scientists,"['alternative dance', 'dance-punk', 'indie rock', 'modern rock', 'new rave']",2018-04-27,44,196733,9,0.000471,0.4,0.809,0.0,0.0847,-3.77,0.0307,163.965,4
64,64cUfm02HStJ0T1y9mc10o,Girls Who Play Guitar,Our Earthly Pleasures,Maximo Park,"['britpop', 'indie rock', 'modern rock', 'new rave', 'newcastle indie', 'rock']",2007-04-01,48,192093,43,0.00187,0.521,0.931,0.0,0.217,-3.072,0.0469,165.995,4
65,3ixUsbKRSni2P4GUXqmiSp,Blueprint of the Fall,Exile in Oblivion,Strung Out,"['melodic hardcore', 'pop punk', 'punk', 'skate punk']",2004,43,185373,34,3.25e-05,0.403,0.971,0.481,0.39,-4.32,0.0808,143.966,4
66,5jiBpByfq1KnZFc0NIqrxF,Boat On A River,The Best Of Times - The Best Of Styx,Styx,"['album rock', 'art rock', 'classic rock', 'hard rock', 'mellow gold', 'progressive rock', 'rock', 'soft rock']",1995-11-30,61,191933,0,0.175,0.44,0.515,0.0,0.0994,-7.874,0.0316,175.718,4
67,6qopop1Rc9r1RjEIBQhc8d,Lightning Strike,Firepower,Judas Priest,"['album rock', 'birmingham metal', 'hard rock', 'metal', 'rock']",2018-03-09,65,209453,52,1.69e-05,0.521,0.915,0.43,0.065,-5.705,0.0544,112.507,3
68,6um5ccNzX7k3SRsVnLupvI,A Decade Under The Influence,Where You Want To Be,Taking Back Sunday,"['emo', 'pop punk']",2004-07-27,61,247760,59,0.00929,0.491,0.904,0.0,0.106,-4.729,0.0765,156.031,4
69,3s3eL7zMCNE9IgtX67SToC,So Far Away,Release The Panic,Red,"['alternative metal', 'christian alternative rock', 'christian rock', 'nu metal', 'post-grunge', 'rap rock']",2013-02-01,56,234946,40,0.00276,0.488,0.811,0.0,0.315,-5.196,0.041,133.961,4
70,19503qDaxgCdPL2BhJngij,Apply Some Pressure,A Certain Trigger,Maximo Park,"['britpop', 'indie rock', 'modern rock', 'new rave', 'newcastle indie', 'rock']",2005-05-16,48,200346,54,0.000719,0.378,0.953,2.89e-05,0.0936,-3.632,0.138,167.808,4
71,0g5wG8qeaQJaOVVb5TkX0E,Set It Straight,"Get Lost, Find Yourself","Chunk! No, Captain Chunk!","['anthem emo', 'easycore', 'metalcore', 'pop punk', 'post-screamo']",2015-01-01,47,192106,35,0.000139,0.531,0.971,0.185,0.35,-3.888,0.101,125.111,4
72,3GCdLUSnKSMJhs4Tj6CV3s,All The Stars (with SZA),Black Panther The Album Music From And Inspired By,Kendrick Lamar,"['conscious hip hop', 'hip hop', 'rap', 'west coast rap']",2018-02-09,87,232186,83,0.0605,0.698,0.633,0.000194,0.0926,-4.946,0.0597,96.924,4
73,4n7jnSxVLd8QioibtTDBDq,On My Way,On My Way,Alan Walker,['electro house'],2019-03-21,79,193797,73,0.0209,0.509,0.689,0.0,0.301,-4.929,0.102,170.087,4
74,2qxmye6gAegTMjLKEBoR3d,Let Me Down Slowly,Narrated For You,Alec Benjamin,"['alt z', 'electropop', 'pop']",2018-11-16,76,169353,84,0.74,0.652,0.557,0.0,0.124,-5.714,0.0318,150.073,4
75,1z33QOn2Hcq9SfI5pES25L,This War Is Ours (The Guillotine II),This War Is Ours (Deluxe Edition),Escape the Fate,"['alternative metal', 'metalcore', 'pixie', 'pop punk', 'screamo']",2010-04-27,60,266733,57,0.00838,0.399,0.955,0.0,0.0759,-5.593,0.163,95.498,4
76,1k0FCgVwb1jZR57ESOWUVa,It Only Hurts,One Thing Remains,Default,"['alternative metal', 'canadian rock', 'nu metal', 'pop rock', 'post-grunge']",2005-10-05,47,222706,53,0.000593,0.522,0.777,0.258,0.286,-4.047,0.0274,97.903,4
77,1GqlvSEtMx5xbGptxOTTyk,Peace of Mind,Boston,Boston,"['album rock', 'art rock', 'blues rock', 'classic rock', 'country rock', 'hard rock', 'mellow gold', 'rock', 'soft rock']",1976,64,303586,67,0.00101,0.419,0.677,9.99e-05,0.211,-6.183,0.0343,127.678,4
78,6BLLQndvA0rLbLcIZmuuEJ,I Don't Wanna Be In Love (Dance Floor Anthem),Good Morning Revival,Good Charlotte,"['alternative metal', 'pop punk']",2008-05-20,64,244000,58,0.0226,0.64,0.884,0.0,0.187,-2.609,0.0428,124.968,4
79,7eWuwGCowJAlHAGiHuH8UI,The Good Left Undone,The Sufferer & The Witness,Rise Against,"['chicago hardcore', 'chicago punk', 'hardcore punk', 'punk']",2006-01-01,69,181453,52,0.000187,0.179,0.98,0.0,0.121,-3.791,0.168,196.983,5
80,6IL6VSKkaxQMjCzFTmUwb1,I'm Not Sorry,Wait for Me,The Pigeon Detectives,"['english indie rock', 'indie rock', 'leeds indie', 'modern rock', 'new rave', 'rock']",2007-05-27,44,222106,42,1.32e-05,0.394,0.831,0.000156,0.294,-3.527,0.0414,147.021,4
81,442YgzY4YBcE3UXFRrczJb,Casual Sex,Sick And Twisted Affair (Deluxe Edition),My Darkest Days,"['alternative metal', 'christian rock', 'nu metal', 'post-grunge']",2012-01-01,59,193573,59,0.00912,0.671,0.922,0.0,0.662,-4.175,0.0463,116.04,4
82,5D25Vmd458UZ6n27g76d3l,Have Faith In Me,Homesick,A Day To Remember,"['metalcore', 'pop punk', 'screamo']",2009,68,188813,0,7.12e-05,0.507,0.933,0.0,0.105,-4.7,0.0868,149.998,4
83,5ZvWrmUIfzwNLpVISMqeI1,Two Become One,Lead Sails Paper Anchor,Atreyu,"['alternative metal', 'melodic metalcore', 'metalcore', 'nu metal', 'rap rock', 'screamo']",2007-07-23,59,282959,40,0.00194,0.215,0.979,0.00252,0.11,-4.01,0.262,157.874,4
84,0K8Hm9Q7GbyucgQB5BhC5C,Echo,Trapt,Trapt,"['alternative metal', 'nu metal', 'post-grunge', 'rap rock']",2002-11-05,56,251733,49,0.00337,0.529,0.836,0.0,0.0665,-4.595,0.0429,163.838,4
85,7vJziOrwBGtGshVapxEE9x,Rescue Me,MFZB,zebrahead,"['funk metal', 'pop punk', 'punk', 'rap rock', 'skate punk']",2003-10-21,54,199226,45,0.00262,0.424,0.968,0.0,0.0691,-3.989,0.196,193.505,4
86,2i4yyBwHqj91tSHu0gIeUg,My Heroine,Discovering the Waterfront (Reissue),Silverstein,"['canadian post-hardcore', 'canadian rock', 'metalcore', 'pop punk', 'post-hardcore', 'screamo']",2005,58,207586,0,9.83e-05,0.412,0.823,8.15e-05,0.153,-2.572,0.0323,154.117,4
87,3xOAzRgOEDn0zc4zPIBRsE,Getaway Car,Audioslave,Audioslave,"['alternative metal', 'alternative rock', 'nu metal', 'permanent wave', 'post-grunge', 'rock', 'supergroup']",2002-11-17,67,298893,50,0.157,0.574,0.456,0.0,0.251,-5.66,0.0259,62.261,4
88,5jASS6W9AWSi6oHfcXYAuj,Don't Hate,The Hell or High Water EP - Deluxe Edition,The Red Jumpsuit Apparatus,"['pop punk', 'pop rock', 'screamo']",2010-10-26,61,221013,14,0.00154,0.45,0.903,0.0,0.0527,-3.182,0.0439,92.394,3
89,4bPQs0PHn4xbipzdPfn6du,I Write Sins Not Tragedies,A Fever You Can't Sweat Out,Panic! At The Disco,['modern rock'],2005-09-27,77,186634,73,0.0807,0.569,0.83,0.0,0.114,-4.106,0.14,170.094,4
90,4DUUTdPeDCNDvLAXEyFzgR,Tornado,Planets,Adema,"['alternative metal', 'industrial metal', 'nu metal', 'post-grunge', 'rap metal', 'rap rock']",2005,44,229946,22,0.00499,0.542,0.939,0.00125,0.0815,-3.285,0.0724,141.948,4
91,7oXRMDUzBPekkLRTJhSGvC,I Sat By The Ocean,...Like Clockwork,Queens of the Stone Age,"['alternative metal', 'alternative rock', 'blues rock', 'modern rock', 'nu metal', 'palm desert scene', 'rock', 'stoner metal', 'stoner rock']",2013-06-03,68,235586,0,0.00136,0.516,0.781,0.000735,0.11,-4.004,0.0364,116.793,4
92,5tVA6TkbaAH9QMITTQRrNv,Free Fallin',Full Moon Fever,Tom Petty,"['album rock', 'classic rock', 'country rock', 'folk rock', 'heartland rock', 'mellow gold', 'pop rock', 'rock', 'singer-songwriter', 'soft rock']",1989-01-01,67,256000,76,0.212,0.623,0.449,0.0,0.0613,-13.333,0.0253,84.383,4
93,5RuJi4S1gXw4Ulhgh8aJ9e,Calling,Blackhawks Over Los Angeles,Strung Out,"['melodic hardcore', 'pop punk', 'punk', 'skate punk']",2007-06-12,43,259853,0,0.000144,0.372,0.977,0.167,0.0735,-3.767,0.136,95.751,4
94,47No93LxERvV6MtOAmQzHS,Ignorance,Brand New Eyes,Paramore,"['candy pop', 'pixie', 'pop emo', 'pop punk']",2009-09-28,77,218626,69,0.00109,0.522,0.964,0.000389,0.0387,-2.645,0.095,170.944,4
95,51o6rpuSm82oDaP6EJPTw0,Just Breathe,Palms,Thrice,"['post-hardcore', 'screamo']",2018-09-14,55,236840,35,8.79e-05,0.438,0.809,0.0038,0.094,-6.054,0.0631,160.044,3
96,1fLhGF1JfGQYj6EZLndD86,Baby (feat. MARINA & Luis Fonsi),Baby (feat. MARINA & Luis Fonsi),Clean Bandit,"['dance pop', 'edm', 'pop', 'pop dance', 'post-teen pop', 'tropical house', 'uk dance', 'uk funky']",2018-11-02,74,205440,59,0.356,0.755,0.74,1.05e-05,0.0994,-5.354,0.04,116.946,4
97,1EzeXGaZdqsA4Nst1AIAL2,Bullet With Butterfly Wings,Mellon Collie And The Infinite Sadness,The Smashing Pumpkins,"['alternative metal', 'alternative rock', 'grunge', 'permanent wave', 'pop rock', 'rock', 'spacegrunge']",1995-10-24,71,257706,0,5.01e-05,0.389,0.705,0.86,0.09,-10.331,0.0553,122.154,4
98,0ZPquQV2aKmDfwPjvMdvRp,Último Romance,Ventura,Los Hermanos,"['brazilian rock', 'mpb', 'nova mpb', 'rock alternativo brasileiro', 'rock nacional brasileiro']",2003-07-05,57,263440,57,0.509,0.406,0.665,0.000641,0.112,-6.264,0.0286,159.997,4
99,5ZNZUo9XYGFpax6jXZ0DIf,When Your Heart Stops Beating,When Your Heart Stops Beating,+44,['pop punk'],2006-01-01,50,192786,0,0.000367,0.417,0.967,0.0,0.0632,-2.289,0.109,171.037,4
100,5U2m76qAMdr3gXI0g6ptlG,Come & Get It,Stars Dance,Selena Gomez,"['dance pop', 'pop', 'post-teen pop']",2013-01-01,84,231986,0,0.0102,0.349,0.795,0.000138,0.0812,-4.133,0.0758,148.985,1
101,4sZI1I2z5UODePKXgzyFho,For the Damaged,Melody of Certain Damaged Lemons,Blonde Redhead,"['alternative rock', 'art pop', 'dream pop', 'indie rock', 'nu gaze', 'shoegaze']",2000-06-06,49,182266,0,0.99,0.631,0.2,0.0362,0.154,-13.379,0.0469,140.136,4
102,7jA5OcunWRSYXq98puhAX8,For the Damaged Coda,Melody of Certain Damaged Lemons,Blonde Redhead,"['alternative rock', 'art pop', 'dream pop', 'indie rock', 'nu gaze', 'shoegaze']",2000-06-06,49,157000,0,0.795,0.499,0.468,0.88,0.0899,-9.995,0.0396,141.463,4
103,2LbOTztU3giUjjYmgtKgj3,Chattahoochee - Extended Mix,16 Biggest Hits,Alan Jackson,"['contemporary country', 'country', 'country road']",1989,71,237266,54,0.121,0.579,0.801,7.58e-05,0.0821,-7.454,0.0449,174.755,4
104,1A0I5aiVZRwecRlbQcweBh,Gone Country,16 Biggest Hits,Alan Jackson,"['contemporary country', 'country', 'country road']",1989,71,259893,57,0.131,0.681,0.719,1.65e-06,0.113,-5.918,0.0248,125.729,4
105,4zglcMAGIqPBOPlrMrEdQ3,It Must Be Love,16 Biggest Hits,Alan Jackson,"['contemporary country', 'country', 'country road']",1989,71,172386,34,0.389,0.813,0.683,0.0,0.0565,-7.549,0.0313,112.387,4
106,3mW3hxYwVltRd3wVIxe2En,Midnight In Montgomery,16 Biggest Hits,Alan Jackson,"['contemporary country', 'country', 'country road']",1989,71,226213,32,0.322,0.588,0.296,5.8e-06,0.109,-10.38,0.0282,139.881,4
107,6twD9FKdtA3OwjxDy5QkRV,Chasin' That Neon Rainbow,16 Biggest Hits,Alan Jackson,"['contemporary country', 'country', 'country road']",1989,71,186120,39,0.211,0.723,0.622,0.0,0.135,-7.139,0.0304,74.513,4
108,7fCPG5pYsv3lPNyGOjvtbE,Don't Rock the Jukebox,16 Biggest Hits,Alan Jackson,"['contemporary country', 'country', 'country road']",1989,71,170866,40,0.0348,0.667,0.686,0.000124,0.348,-8.595,0.027,147.531,4
109,7JiCaZ93B0hdj3XwFqwn4W,Mercury Blues,16 Biggest Hits,Alan Jackson,"['contemporary country', 'country', 'country road']",1989,71,218760,49,0.371,0.538,0.786,0.00258,0.0517,-7.69,0.0336,172.019,4
110,20S05iXji9vJ9cNXr8Lcue,Here In the Real World,16 Biggest Hits,Alan Jackson,"['contemporary country', 'country', 'country road']",1989,71,219333,30,0.132,0.592,0.359,0.000263,0.113,-9.937,0.0246,86.908,4
111,3KIUKvwteP1HFA5UcvvL11,Pop a Top,16 Biggest Hits,Alan Jackson,"['contemporary country', 'country', 'country road']",1989,71,185426,51,0.291,0.699,0.477,0.0,0.164,-9.339,0.031,118.382,4
112,48ykOM780IeqcmTcwK9IM4,That'd Be Alright,16 Biggest Hits,Alan Jackson,"['contemporary country', 'country', 'country road']",1989,71,221760,36,0.228,0.672,0.731,0.0,0.0661,-8.791,0.0282,134.376,4
113,1dJ6jEGFDszqQHPLkGw7AN,I Don't Even Know Your Name,16 Biggest Hits,Alan Jackson,"['contemporary country', 'country', 'country road']",1989,71,230093,30,0.0452,0.609,0.872,0.0,0.289,-8.5,0.0388,128.836,4
114,5FF1zkuNs0xEiXj9RaZeo0,Gone Crazy,16 Biggest Hits,Alan Jackson,"['contemporary country', 'country', 'country road']",1989,71,230440,36,0.43,0.538,0.34,5.82e-05,0.0936,-12.064,0.0244,76.344,4
115,2wNOKBvqLJhnMY3tkXTJoI,I'll Go On Loving You,16 Biggest Hits,Alan Jackson,"['contemporary country', 'country', 'country road']",1989,71,238520,27,0.452,0.626,0.415,0.237,0.178,-13.487,0.0266,110.946,4
116,5vxd49MupkHObFEhcpT1ii,Little Man,16 Biggest Hits,Alan Jackson,"['contemporary country', 'country', 'country road']",1989,71,268333,46,0.108,0.699,0.514,0.0,0.0817,-9.34,0.027,120.056,4
117,27CmNO9qaBWNeT3uqMZTvZ,Who's Cheatin' Who,16 Biggest Hits,Alan Jackson,"['contemporary country', 'country', 'country road']",1989,71,241453,32,0.195,0.659,0.861,3.34e-05,0.128,-7.666,0.0296,133.27,4
118,3hV8Gvijx6cVv339o3uCSK,Summertime Blues,16 Biggest Hits,Alan Jackson,"['contemporary country', 'country', 'country road']",1989,71,192093,53,0.374,0.395,0.862,3.29e-05,0.209,-6.837,0.0426,80.716,4
119,1PLMK1ui86iHHG3FM1N7ue,Diamond Eyes (Boom-Lay Boom-Lay Boom),The Sound of Madness,Shinedown,"['alternative metal', 'nu metal', 'post-grunge']",2008-06-24,69,336112,63,0.000254,0.516,0.884,0.000347,0.0478,-3.706,0.0448,107.96,4
120,4Wj8YAiPnuleXJkJ1aEzLN,Lose the Feeling,Youth is Only Ever Fun in Retrospect,Sundara Karma,"['english indie rock', 'modern alternative rock', 'modern rock', 'reading indie', 'rock']",2017-07-07,48,253880,40,0.0609,0.582,0.792,0.0,0.129,-5.438,0.0307,130.988,4
121,2UZtI2HUyLRzqBjodvcUmY,Rx (Medicate),Wake Up Call,Theory of a Deadman,"['alternative metal', 'canadian metal', 'canadian rock', 'nu metal', 'post-grunge', 'rap rock']",2017-10-27,62,233173,66,0.0133,0.639,0.71,0.0,0.118,-7.445,0.0275,119.989,4
122,6DsFZITJMPnh8z5XewfVmL,Raging (feat. Kodaline),Raging (feat. Kodaline),Kygo,"['edm', 'pop', 'pop dance', 'tropical house']",2016-04-01,79,224486,60,0.0498,0.55,0.689,0.0,0.207,-7.76,0.094,99.904,4
123,2JXDEZ8GRZyKRvlO3UqMbq,Red,The Ride,Catfish and the Bottlemen,"['modern alternative rock', 'modern rock', 'rock', 'stomp pop', 'welsh rock']",2016-05-27,62,228360,0,0.000116,0.531,0.837,0.107,0.0564,-5.319,0.0549,135.023,4
124,6qENzscNc7XO9IIsDq5DWg,Charlemagne,Blossoms,Blossoms,"['english indie rock', 'modern rock', 'rock']",2016-08-05,57,166791,0,0.00342,0.546,0.931,0.000553,0.287,-3.821,0.0429,101.975,4
125,34DE20PRYUJ1QlT7h2Mq3W,Falling Apart,The Early Years - Revisited,zebrahead,"['funk metal', 'pop punk', 'punk', 'rap rock', 'skate punk']",2015-04-21,54,189133,30,0.000583,0.508,0.985,0.0,0.273,-3.768,0.112,112.03,4
126,2x0H3nrhXlaURWfb6S3hvj,Ghost Ship of Cannibal Rats,Afraid of Heights (Deluxe Version),Billy Talent,"['canadian punk', 'punk']",2016-07-29,64,219973,44,0.00204,0.476,0.98,0.0,0.0792,-3.338,0.162,175.077,4
127,5Z3GHaZ6ec9bsiI5BenrbY,Young Dumb & Broke,American Teen,Khalid,"['pop', 'pop r&b']",2017-04-27,84,202546,79,0.199,0.799,0.539,1.66e-05,0.165,-6.351,0.0421,136.948,4
128,5KKBsfzzXBE4MKwsFTShkH,Vertigo,How To Dismantle An Atomic Bomb,U2,"['irish rock', 'permanent wave', 'rock']",2004-01-01,76,194520,0,0.000138,0.416,0.819,0.00108,0.122,-3.974,0.0613,140.083,4
129,4cS2HQ6jK80vqdY9ofpztx,She Wolf,She Wolf (Expanded Edition),Shakira,"['colombian pop', 'dance pop', 'latin pop']",2009,85,188866,70,0.285,0.865,0.69,0.0162,0.225,-7.448,0.0443,121.983,4
130,4dDZyGxClFiOBUjcpxhXWg,Hurt,Unearthed,Johnny Cash,"['arkansas country', 'outlaw country']",2003,73,216533,0,0.719,0.544,0.378,0.00035,0.105,-8.607,0.0264,91.078,4
131,5bcTCxgc7xVfSaMV3RuVke,"Feels (feat. Pharrell Williams, Katy Perry & Big Sean)",Funk Wav Bounces Vol.1,Calvin Harris,"['dance pop', 'edm', 'electro house', 'house', 'pop', 'progressive house', 'uk dance']",2017-06-30,83,223413,77,0.0642,0.893,0.745,0.0,0.0943,-3.105,0.0571,101.018,4
132,7dBMQbBKG6n9HkVXkUKnhQ,The Way You Used To Do,The Way You Used To Do,Queens of the Stone Age,"['alternative metal', 'alternative rock', 'blues rock', 'modern rock', 'nu metal', 'palm desert scene', 'rock', 'stoner metal', 'stoner rock']",2017-06-15,68,274281,0,0.0102,0.474,0.843,0.104,0.362,-5.909,0.272,97.691,4
133,0uLhNT7UIH3nZCCDZd3OBl,Anna Molly,Light Grenades,Incubus,"['alternative metal', 'alternative rock', 'funk metal', 'funk rock', 'nu metal', 'post-grunge', 'rock']",2006-11-28,67,225880,60,0.00428,0.451,0.973,7.36e-06,0.0924,-2.611,0.0514,151.885,4
134,7aBAo2pO8LvrN8mGba7MvA,Icky Thump,Icky Thump,The White Stripes,"['alternative rock', 'blues rock', 'detroit rock', 'garage rock', 'modern blues rock', 'modern rock', 'permanent wave', 'punk blues', 'rock']",2007-06-15,70,254533,0,0.021,0.415,0.632,0.0117,0.0545,-7.243,0.0927,97.689,4
135,4q8PHoRsPUB52LFylX8Ulz,More Than You Know,More Than You Know,Axwell /\ Ingrosso,"['dance pop', 'edm', 'electro house', 'pop', 'pop dance', 'tropical house']",2017-05-24,64,203000,0,0.0323,0.645,0.741,0.0,0.29,-4.989,0.0339,123.07,4
136,5IC15BbbaRv6FmseUG0mTu,Throes of Perdition,Shogun (Special Edition),Trivium,"['alternative metal', 'groove metal', 'melodic metalcore', 'melodic thrash', 'metal', 'metalcore', 'nu metal']",2008-09-24,61,354133,46,2.91e-05,0.543,0.982,5.56e-05,0.187,-3.171,0.098,125.044,4
137,1TRnE7akG0fnvMFwNh6HnG,Descendo Na Banguela,Cantigas de Garagem,Raimundos,"['brazilian punk', 'brazilian punk rock', 'brazilian rock', 'hard rock brasileiro', 'rock brasiliense', 'rock nacional brasileiro']",2014-11-24,58,186213,17,0.000136,0.527,0.98,3.43e-06,0.317,-2.82,0.0664,110.929,4
138,6uFwhB7gVs7ExCAfJD5BWg,Mais Ninguém,Banda do Mar,Banda do Mar,['nova mpb'],2014-09-02,45,168640,61,0.156,0.649,0.622,4.29e-06,0.11,-6.781,0.0373,76.478,4
139,1n8MLpbFR0fuCjNnlyuHxS,Solteiro Apaixonado,Acredite,Marcos & Belutti,"['sertanejo', 'sertanejo pop', 'sertanejo universitario']",2017-05-26,58,183640,38,0.671,0.631,0.928,0.0,0.356,-3.62,0.126,168.1,4
140,5hkjlU7sUcZb9wOYd1eRBE,Eu Era,Acredite,Marcos & Belutti,"['sertanejo', 'sertanejo pop', 'sertanejo universitario']",2017-05-26,58,211173,55,0.352,0.545,0.657,0.0,0.109,-5.277,0.0353,132.337,4
141,5758ILtUE3C8mCNdYfJWUx,Disk Amor,Acredite,Marcos & Belutti,"['sertanejo', 'sertanejo pop', 'sertanejo universitario']",2017-05-26,58,159480,24,0.474,0.69,0.848,0.0,0.142,-4.158,0.0732,159.058,4
142,0I3jB0y6QWylLPWWs5xMG9,"Mãe, Eu Tô Gostando Dela",Acredite,Marcos & Belutti,"['sertanejo', 'sertanejo pop', 'sertanejo universitario']",2017-05-26,58,172453,33,0.768,0.577,0.605,1.91e-06,0.09,-5.059,0.0336,132.466,4
143,3Fa4pgKWI3UMKykugH1832,Cumplicidade,Acredite,Marcos & Belutti,"['sertanejo', 'sertanejo pop', 'sertanejo universitario']",2017-05-26,58,164133,14,0.396,0.721,0.931,0.0,0.158,-4.14,0.108,176.068,4
144,3lTruR3RTDZaF1P8Yg8lkC,Glicose,Acredite,Marcos & Belutti,"['sertanejo', 'sertanejo pop', 'sertanejo universitario']",2017-05-26,58,161346,16,0.661,0.78,0.756,0.0,0.24,-4.395,0.0525,154.158,4
145,1Fxj1mpzcpWNxggKLztrNy,Mais um Ano Juntos,Acredite,Marcos & Belutti,"['sertanejo', 'sertanejo pop', 'sertanejo universitario']",2017-05-26,58,220293,33,0.694,0.796,0.504,0.0,0.223,-6.063,0.0418,124.979,4
146,3F2iJUsfIqesMgFFh97BlR,Se a Vida Não For Isso,Acredite,Marcos & Belutti,"['sertanejo', 'sertanejo pop', 'sertanejo universitario']",2017-05-26,58,169933,18,0.389,0.523,0.923,0.0,0.294,-5.814,0.0678,179.9,4
147,0zigzH52mIYrpIorCUJjn2,Se Amando e Se Lixando,Acredite,Marcos & Belutti,"['sertanejo', 'sertanejo pop', 'sertanejo universitario']",2017-05-26,58,177813,13,0.236,0.674,0.919,0.0,0.404,-5.046,0.0566,159.921,4
148,3a8yK6WHTFMnH5lveohcw9,Pula a Cerca,Acredite,Marcos & Belutti,"['sertanejo', 'sertanejo pop', 'sertanejo universitario']",2017-05-26,58,172800,13,0.514,0.681,0.915,0.0,0.366,-4.538,0.0988,180.077,4
149,4z8HyN0uo6vERIH6xXNQUI,O Palhaço,Acredite,Marcos & Belutti,"['sertanejo', 'sertanejo pop', 'sertanejo universitario']",2017-05-26,58,233426,26,0.629,0.551,0.52,0.0,0.13,-6.122,0.0401,141.68,4
150,32bqxZEJRJObeNyc8bEiPt,Heavy (feat. Kiiara),Heavy (feat. Kiiara),Linkin Park,"['alternative metal', 'nu metal', 'post-grunge', 'rap metal']",2017-02-16,82,169800,49,0.0484,0.59,0.671,0.0,0.0604,-6.098,0.0706,149.982,4
151,6gi1Dd7pyQ2mSOvnlAvcr0,Revolução,A Máquina Que Sonha Colorido,Sugar Kane,"['brazilian emo', 'brazilian hardcore', 'brazilian punk', 'brazilian rock', 'rock curitibano']",2009-09-07,26,234866,17,0.0129,0.567,0.995,0.0,0.951,-2.862,0.0671,136.999,4
152,3rblXwKgORVAQmXMpibnLG,Não Sei o Que Fazer Comigo (Ya No Sé Qué Hacer Conmigo),Animal Nacional,Vespas Mandarinas,"['brazilian punk', 'brazilian rock']",2013-04-09,31,242466,40,0.0397,0.581,0.734,0.0,0.237,-8.573,0.0391,102.004,4
153,4QA1Kjk24XZKPxooXeBdNn,A Cera,"Coleção Ouça, Toque E Cante - Rock",Various Artists,"['brazilian punk', 'brazilian reggae', 'brazilian rock']",2006-01-01,47,227866,39,0.0753,0.589,0.745,0.0,0.0661,-4.06,0.0535,133.281,4
154,4NpFX0f0GfJgy92c9ypVxk,De Buenas,De Buenas,Lucas Lucco,"['funk carioca', 'sertanejo', 'sertanejo pop', 'sertanejo universitario']",2016-10-21,58,161720,32,0.172,0.776,0.783,0.0,0.0891,-4.18,0.0481,134.146,4
155,0aASUtDb1N96NJDwmWj5Gf,Anna Júlia,Los Hermanos,Los Hermanos,"['brazilian rock', 'mpb', 'nova mpb', 'rock alternativo brasileiro', 'rock nacional brasileiro']",1999-06-05,57,212200,65,0.0445,0.427,0.817,1.67e-05,0.0801,-5.196,0.0385,148.234,4
156,1J0iYsJuVhqfDhBoSLuO9A,K.O.,Vai Passar Mal,Pabllo Vittar,"['dance pop', 'funk carioca', 'funk pop', 'pop', 'pop lgbtq+ brasileira', 'pop nacional']",2017-01-12,67,155654,0,0.505,0.689,0.713,0.0,0.0846,-4.34,0.0398,155.04,4
157,3oqYMRKQcwyNmFn1VD2ukD,Revolution Radio,Revolution Radio,Green Day,"['permanent wave', 'punk']",2016-10-07,78,180853,56,4.63e-05,0.419,0.971,1.43e-05,0.171,-3.622,0.0909,180.033,4
158,0OwX5aROoW1Iip8FV51Efg,Alarm,Alarm,Anne-Marie,"['dance pop', 'pop', 'pop dance', 'post-teen pop', 'tropical house']",2016-05-20,77,205593,58,0.0812,0.756,0.589,0.0,0.176,-5.093,0.232,146.928,4
159,4Ti7WdCbPoxBBURxuY6sT9,Vai dar PT,Vai dar PT,MC Rahell,['funk carioca'],2017-02-08,37,165558,53,0.284,0.93,0.438,0.0,0.147,-6.637,0.351,132.003,4
160,0i7DGL8brBaukgIQf4jdGZ,Cobra de Vidro,Animal Nacional (Deluxe Edition),Vespas Mandarinas,"['brazilian punk', 'brazilian rock']",2014-04-01,31,201053,17,0.0242,0.475,0.675,0.0,0.193,-7.333,0.0413,153.935,4
161,498ZVInMGDkmmNVpSWqHiZ,May We All,Dig Your Roots,Florida Georgia Line,"['contemporary country', 'country', 'country pop', 'country road', 'modern country rock']",2016-08-26,74,226173,68,0.0409,0.514,0.918,0.0,0.342,-4.306,0.0365,150.033,4
162,6arll1Y1aPC7FZqZsHnSsP,Avisa Que Eu Cheguei,Avisa Que Eu Cheguei,Naiara Azevedo,"['funk carioca', 'sertanejo', 'sertanejo pop', 'sertanejo universitario']",2017-05-12,54,175760,44,0.139,0.755,0.913,0.0,0.564,-3.251,0.108,91.991,4
163,2o8r1ZDSdsFD8ZpCukzHGv,Sua Sina,Proibido é Mais Gostoso,Zé Felipe,"['arrocha', 'arrochadeira']",2016-06-17,70,150520,30,0.442,0.799,0.712,0.0,0.409,-5.161,0.0476,141.915,4
164,0RBUU15iBS9cV631VgEeOn,Esse Refrão é Pra Você,Proibido é Mais Gostoso,Zé Felipe,"['arrocha', 'arrochadeira']",2016-06-17,70,169733,22,0.354,0.521,0.693,0.0,0.127,-7.357,0.0707,156.61,3
165,22iLwbcgBcLQ9po0Y7kuVB,Tirar a Limpo,Proibido é Mais Gostoso,Zé Felipe,"['arrocha', 'arrochadeira']",2016-06-17,70,191733,15,0.723,0.636,0.578,0.0,0.151,-5.613,0.0452,147.677,4
166,5g3Bbw11PXBUgYRNzlVIgh,A Gente Deu Sorte,Proibido é Mais Gostoso,Zé Felipe,"['arrocha', 'arrochadeira']",2016-06-17,70,157640,22,0.407,0.709,0.868,0.0,0.192,-4.389,0.0679,164.03,4
167,04Q0xnLJB7ZroD61okuUTX,Mil e uma,Proibido é Mais Gostoso,Zé Felipe,"['arrocha', 'arrochadeira']",2016-06-17,70,139200,16,0.568,0.804,0.831,0.0,0.175,-4.718,0.0545,93.972,4
168,7vlhratUWlm5HncPAYlA7g,Maquiagem Borrada,Proibido é Mais Gostoso,Zé Felipe,"['arrocha', 'arrochadeira']",2016-06-17,70,162173,28,0.431,0.558,0.545,0.0,0.338,-5.978,0.0435,74.121,4
169,3RNjRGqxSHdFNniifwPlB8,Escolha Errada,Proibido é Mais Gostoso,Zé Felipe,"['arrocha', 'arrochadeira']",2016-06-17,70,165613,15,0.273,0.651,0.734,0.0,0.0885,-4.535,0.0884,83.86,4
170,1dVJIWIynoo3mHaRpx8MHk,Proibido é Mais Gostoso,Proibido é Mais Gostoso,Zé Felipe,"['arrocha', 'arrochadeira']",2016-06-17,70,142226,33,0.442,0.769,0.856,7.97e-06,0.255,-4.859,0.0533,97.99,4
171,2fbyQQM68Tem6h7m4TyXLG,Deixa Que Ela Decide (feat. Pedro Paulo & Alex),Proibido é Mais Gostoso,Zé Felipe,"['arrocha', 'arrochadeira']",2016-06-17,70,167346,26,0.178,0.872,0.639,0.0,0.198,-8.549,0.185,131.934,4
172,3yVwZU1RBIIwpQvFywtKpS,Curtição,Proibido é Mais Gostoso,Zé Felipe,"['arrocha', 'arrochadeira']",2016-06-17,70,208520,21,0.819,0.518,0.472,0.0,0.103,-12.175,0.0359,79.993,4
173,6bvcE0cf19D9UK6kd8PlfK,Muleke Top Zica,Proibido é Mais Gostoso,Zé Felipe,"['arrocha', 'arrochadeira']",2016-06-17,70,145640,14,0.234,0.793,0.703,1.36e-05,0.154,-5.252,0.0444,76.029,4
174,7A3JUCpjHS9r2yc6MxjWfH,"E Agora, José",Proibido é Mais Gostoso,Zé Felipe,"['arrocha', 'arrochadeira']",2016-06-17,70,156986,14,0.503,0.651,0.7,0.0,0.0244,-6.887,0.0436,154.157,4
175,6IpB4YFHclrk3wGtNwpblL,Não Me Toca (feat. Ludmilla) - Versão Sertaneja,Proibido é Mais Gostoso,Zé Felipe,"['arrocha', 'arrochadeira']",2016-06-17,70,205320,29,0.214,0.566,0.87,0.0,0.507,-5.796,0.058,179.905,4
176,4kvggEm9J6kg8JUyBx0IoW,Olha Ela,Proibido é Mais Gostoso,Zé Felipe,"['arrocha', 'arrochadeira']",2016-06-17,70,151906,16,0.197,0.736,0.836,0.0,0.68,-4.469,0.0587,154.104,4
177,0lw6DiZytxehYKYyGKCMXQ,O Errado Sou Eu,O Errado Sou Eu,Zé Felipe,"['arrocha', 'arrochadeira']",2017-03-07,70,213946,0,0.351,0.679,0.863,0.0,0.0926,-4.879,0.0357,137.995,4
178,2OroVTHwRllDtoxDmpoRZL,Se a Vida Não For Isso,Se a Vida Não For Isso,Marcos & Belutti,"['sertanejo', 'sertanejo pop', 'sertanejo universitario']",2017-05-05,58,169933,26,0.389,0.523,0.923,0.0,0.294,-5.814,0.0678,179.9,4
179,3EfugazgSddQvzZpkof5I4,Ciao Adios,Ciao Adios,Anne-Marie,"['dance pop', 'pop', 'pop dance', 'post-teen pop', 'tropical house']",2017-02-10,77,200104,56,0.127,0.698,0.882,0.0,0.15,-3.078,0.0863,106.083,4
180,41ALBC5ZYavHVLiD37TciK,Mas Vó,Cantigas de Garagem,Raimundos,"['brazilian punk', 'brazilian punk rock', 'brazilian rock', 'hard rock brasileiro', 'rock brasiliense', 'rock nacional brasileiro']",2014-11-24,58,269386,22,0.0201,0.528,0.965,1.55e-06,0.115,-2.879,0.049,137.977,4
181,3s4JSLfVCAZa79LEjeh6UY,Hoje Eu Tô Excelente,Um Novo Sonho - Deluxe,Zé Neto & Cristiano,"['arrocha', 'sertanejo', 'sertanejo pop', 'sertanejo universitario']",2017-02-03,73,158210,43,0.131,0.498,0.915,0.000309,0.797,-3.372,0.301,179.888,4
182,74WcxnvO3Cb9iQZDrFvPvf,Amor Pirata,Um Novo Sonho - Deluxe,Zé Neto & Cristiano,"['arrocha', 'sertanejo', 'sertanejo pop', 'sertanejo universitario']",2017-02-03,73,155748,33,0.386,0.698,0.818,0.00532,0.839,-4.342,0.0382,111.95,4
183,6V836Pgd3GFB88YEh646ix,Aí Fechou,Um Novo Sonho - Deluxe,Zé Neto & Cristiano,"['arrocha', 'sertanejo', 'sertanejo pop', 'sertanejo universitario']",2017-02-03,73,164096,29,0.769,0.591,0.856,1.43e-05,0.931,-4.57,0.0545,145.681,4
184,0YMUrBA3PFe67TK4ir1xcp,Que Que a Gente Faz Com a Gente,Um Novo Sonho - Deluxe,Zé Neto & Cristiano,"['arrocha', 'sertanejo', 'sertanejo pop', 'sertanejo universitario']",2017-02-03,73,164044,51,0.182,0.579,0.912,1.96e-06,0.833,-4.507,0.177,179.957,4
185,40Fu5zvEGp1vyTFPksatVo,Princesinha Mandona,Um Novo Sonho - Deluxe,Zé Neto & Cristiano,"['arrocha', 'sertanejo', 'sertanejo pop', 'sertanejo universitario']",2017-02-03,73,171868,56,0.302,0.631,0.783,0.00238,0.946,-4.241,0.0382,104.055,4
186,1F6Zt1PaQ7J3yHWx9DIapk,Vítima de um Copo,Um Novo Sonho - Deluxe,Zé Neto & Cristiano,"['arrocha', 'sertanejo', 'sertanejo pop', 'sertanejo universitario']",2017-02-03,73,189276,43,0.556,0.675,0.865,0.0,0.754,-4.62,0.0585,129.976,4
187,4Gv8WaiCAutAmQqymN36yF,Te Amo,Um Novo Sonho - Deluxe,Zé Neto & Cristiano,"['arrocha', 'sertanejo', 'sertanejo pop', 'sertanejo universitario']",2017-02-03,73,240334,36,0.761,0.392,0.63,0.00741,0.48,-5.792,0.0347,82.07,4
188,33j9krwF0sD4yUpgmHpP7x,Se Organizar Todo Mundo Beija,Um Novo Sonho - Deluxe,Zé Neto & Cristiano,"['arrocha', 'sertanejo', 'sertanejo pop', 'sertanejo universitario']",2017-02-03,73,179250,29,0.371,0.683,0.932,3.41e-05,0.648,-4.403,0.0746,144.976,4
189,6oGjQE3HFmu9XC0GYVGfdn,Cadeira de Aço,Um Novo Sonho - Deluxe,Zé Neto & Cristiano,"['arrocha', 'sertanejo', 'sertanejo pop', 'sertanejo universitario']",2017-02-03,73,196677,51,0.542,0.673,0.895,0.000583,0.875,-3.342,0.0374,116.032,4
190,0orZ4zQ0QizRID1GAkIEN0,Um Ano de Noivado,Um Novo Sonho - Deluxe,Zé Neto & Cristiano,"['arrocha', 'sertanejo', 'sertanejo pop', 'sertanejo universitario']",2017-02-03,73,181335,43,0.559,0.69,0.698,0.000754,0.918,-4.942,0.0317,105.986,4
191,0xRyAUAA6N6a4vDbZzRwgV,Sonha Comigo,Um Novo Sonho - Deluxe,Zé Neto & Cristiano,"['arrocha', 'sertanejo', 'sertanejo pop', 'sertanejo universitario']",2017-02-03,73,210087,48,0.282,0.514,0.84,0.00316,0.956,-3.448,0.0448,106.027,4
192,2ejpjaqOYKYMxQWY30RAyK,Por Nossos Filhos,Um Novo Sonho - Deluxe,Zé Neto & Cristiano,"['arrocha', 'sertanejo', 'sertanejo pop', 'sertanejo universitario']",2017-02-03,73,200572,50,0.792,0.696,0.764,6.05e-05,0.957,-6.025,0.0417,120.011,4
193,07p7690kN4UuLnYDC3KSOU,Seu Polícia,Um Novo Sonho - Deluxe,Zé Neto & Cristiano,"['arrocha', 'sertanejo', 'sertanejo pop', 'sertanejo universitario']",2017-02-03,73,178573,39,0.464,0.488,0.878,0.0587,0.901,-4.833,0.0643,139.929,4
194,2w3AWde5Bssy149kQ90ITr,Te Amo - Ao Vivo,Ao Vivo Em São José do Rio Preto,Zé Neto & Cristiano,"['arrocha', 'sertanejo', 'sertanejo pop', 'sertanejo universitario']",2015-12-04,73,198786,0,0.727,0.504,0.531,0.0,0.663,-5.406,0.0327,81.993,4
195,3utU9iWEKXEQ0frRUbxJ2p,Eu Ligo Pra Você - Ao Vivo,Ao Vivo Em São José do Rio Preto,Zé Neto & Cristiano,"['arrocha', 'sertanejo', 'sertanejo pop', 'sertanejo universitario']",2015-12-04,73,173666,0,0.398,0.676,0.768,0.0,0.636,-4.133,0.0298,111.995,4
196,1sVLdEIUPtzYjQe34IxPXa,Previsível - Ao Vivo,Ao Vivo Em São José do Rio Preto,Zé Neto & Cristiano,"['arrocha', 'sertanejo', 'sertanejo pop', 'sertanejo universitario']",2015-12-04,73,181213,0,0.548,0.727,0.741,0.0,0.877,-4.001,0.0359,135.965,4
197,1RY7YgNKQ26nh0ta9EzVFT,Só Posso Estar Sonhando - Ao Vivo,Ao Vivo Em São José do Rio Preto,Zé Neto & Cristiano,"['arrocha', 'sertanejo', 'sertanejo pop', 'sertanejo universitario']",2015-12-04,73,183573,0,0.286,0.78,0.821,0.0,0.464,-4.138,0.0495,116.023,4
198,1Ax2B2u18IaCr1GQqJqJ8N,Abaixa o Som - Ao Vivo,Ao Vivo Em São José do Rio Preto,Zé Neto & Cristiano,"['arrocha', 'sertanejo', 'sertanejo pop', 'sertanejo universitario']",2015-12-04,73,176626,0,0.385,0.704,0.915,0.0,0.747,-3.796,0.0736,155.875,4
199,0Xelgs4QvumMISYtoIyJYT,Deixa Acontecer - Ao Vivo,Ao Vivo Em São José do Rio Preto,Zé Neto & Cristiano,"['arrocha', 'sertanejo', 'sertanejo pop', 'sertanejo universitario']",2015-12-04,73,170773,0,0.265,0.671,0.891,0.0,0.387,-4.34,0.0503,133.874,4
200,3M0U31TJD0CSN2bjE3y80M,Eu Gosto de Zueira (Playboy Arretado) - Ao Vivo,Violada Dos Munhoiz,Munhoz & Mariano,"['sertanejo', 'sertanejo pop', 'sertanejo universitario']",2017-01-20,45,191000,0,0.575,0.684,0.953,0.763,0.749,-5.153,0.0707,102.01,4
201,6CPYgLUIONeoXlKojFhUsR,Ripa Na Xulipa - Ao Vivo,Violada Dos Munhoiz,Munhoz & Mariano,"['sertanejo', 'sertanejo pop', 'sertanejo universitario']",2017-01-20,45,182500,0,0.473,0.764,0.995,0.0148,0.344,-2.646,0.0419,143.954,4
202,6ASfJdpcE50wfEfanagYh4,Saci - Ao Vivo,Violada Dos Munhoiz,Munhoz & Mariano,"['sertanejo', 'sertanejo pop', 'sertanejo universitario']",2017-01-20,45,149625,0,0.694,0.69,0.91,0.0157,0.693,-4.668,0.0655,100.018,4
203,2xCKl5kc95SVzof5Mt0fM2,Ressacas - Ao Vivo,Violada Dos Munhoiz,Munhoz & Mariano,"['sertanejo', 'sertanejo pop', 'sertanejo universitario']",2017-01-20,45,142500,0,0.84,0.521,0.88,0.0861,0.398,-5.847,0.0706,186.131,4
204,6MYmtH91i0HJXWZJG9uw01,Juizo e Fé - Ao Vivo,Violada Dos Munhoiz,Munhoz & Mariano,"['sertanejo', 'sertanejo pop', 'sertanejo universitario']",2017-01-20,45,220000,0,0.851,0.653,0.779,0.249,0.174,-7.011,0.0271,124.983,4
205,5avfdPMDYP8DZpVdV8eMCz,Serviço Completão - Ao Vivo,Violada Dos Munhoiz,Munhoz & Mariano,"['sertanejo', 'sertanejo pop', 'sertanejo universitario']",2017-01-20,45,179025,0,0.784,0.495,0.853,0.0536,0.335,-4.959,0.0447,165.91,4
206,6NAOLa6nqVAB78tNl9enKz,O Que Você Acha da Gente Voltar - Ao Vivo,Violada Dos Munhoiz,Munhoz & Mariano,"['sertanejo', 'sertanejo pop', 'sertanejo universitario']",2017-01-20,45,176375,0,0.773,0.592,0.912,0.00166,0.519,-5.334,0.0377,160.001,4
207,3ydYwmTE9v7h1BbKomUZ3W,Futura Ex - Ao Vivo,Violada Dos Munhoiz,Munhoz & Mariano,"['sertanejo', 'sertanejo pop', 'sertanejo universitario']",2017-01-20,45,169750,0,0.739,0.705,0.855,0.00109,0.419,-6.196,0.0307,130.994,4
208,2x9oD2zmWMfjo6i3XoeXMN,Pot-Pourri: Zé Goré / Putaria do Carai - Ao Vivo,Violada Dos Munhoiz,Munhoz & Mariano,"['sertanejo', 'sertanejo pop', 'sertanejo universitario']",2017-01-20,45,188605,0,0.607,0.628,0.94,0.449,0.52,-5.014,0.0398,114.019,4
209,1VvAY3BwkVTb2AZ9q9ONX4,Eu Sei De Cor - The Voice Brasil 2016,Eu Sei De Cor (The Voice Brasil 2016),Gabriel Corrêa,[],2016-12-29,22,106607,7,0.266,0.65,0.602,0.0,0.332,-7.982,0.0367,124.037,4
210,4fGqVDm47qcvrNF233ANfQ,X na Comanda - Ao Vivo,Day e Lara (...) [Ao Vivo],Day e Lara,['sertanejo pop'],2017-02-17,48,169186,22,0.289,0.531,0.855,0.0,0.977,-2.859,0.0634,166.004,4
211,2Px5bwEDaLgdcE60xBvLjg,Lixeiro - Ao Vivo,Day e Lara (...) [Ao Vivo],Day e Lara,['sertanejo pop'],2017-02-17,48,162733,13,0.517,0.655,0.902,0.0,0.74,-2.069,0.0326,145.943,4
212,3twpVbHfTCpgHNlStxfpzx,Até Ex Duvida (feat. Maiara & Maraisa) - Ao Vivo,Day e Lara (...) [Ao Vivo],Day e Lara,['sertanejo pop'],2017-02-17,48,157946,35,0.158,0.659,0.926,0.0,0.96,-2.344,0.164,164.958,4
213,0eU3GkVMODt8H8rcAXDTfH,Você Não Esperava - Ao Vivo,Day e Lara (...) [Ao Vivo],Day e Lara,['sertanejo pop'],2017-02-17,48,174826,14,0.403,0.435,0.783,0.0,0.713,-2.69,0.133,161.796,4
214,2yhl5Jg6UXoUUExsi5kc0N,Couvert - Ao Vivo,Day e Lara (...) [Ao Vivo],Day e Lara,['sertanejo pop'],2017-02-17,48,150120,16,0.444,0.477,0.838,0.0,0.537,-2.614,0.0538,129.994,4
215,5YbgqltMdkhTLGiOtmIdvn,Só pra Constar - Ao Vivo,Day e Lara (...) [Ao Vivo],Day e Lara,['sertanejo pop'],2017-02-17,48,183840,9,0.773,0.514,0.69,2.94e-06,0.703,-3.73,0.0376,183.148,4
216,0p4OWacjBvcUEqLO4Rn009,Traição Não é Acidente - Ao Vivo,Day e Lara (...) [Ao Vivo],Day e Lara,['sertanejo pop'],2017-02-17,48,195413,8,0.429,0.549,0.807,0.0,0.888,-2.901,0.0399,137.442,4
217,1aaiYji010jKvefnnddA3E,Liga pro Meu Advogado - Ao Vivo,Day e Lara (...) [Ao Vivo],Day e Lara,['sertanejo pop'],2017-02-17,48,169573,8,0.565,0.609,0.883,0.0,0.462,-2.456,0.0445,137.578,4
218,0wQvOS7ybV9rVLsHJ615VG,Digitando... - Ao Vivo,Day e Lara (...) [Ao Vivo],Day e Lara,['sertanejo pop'],2017-02-17,48,158013,27,0.644,0.7,0.792,0.0,0.932,-3.601,0.0339,109.009,4
219,74gpPG8NvVhjaZInD1E5QG,Cê Sabe Que é Ele - Ao Vivo,Day e Lara (...) [Ao Vivo],Day e Lara,['sertanejo pop'],2017-02-17,48,167293,10,0.724,0.368,0.657,0.0,0.681,-3.845,0.0375,88.928,4
220,5ZwIuaCGWtsOxbSsJfSD7U,Sexo Frágil - Ao Vivo,Day e Lara (...) [Ao Vivo],Day e Lara,['sertanejo pop'],2017-02-17,48,203840,7,0.437,0.493,0.881,0.0,0.87,-2.7,0.136,161.959,3
221,6p9YPrSgV3ZQJ5tJJOhHUJ,Minas Com Goiás - Ao Vivo,Day e Lara (...) [Ao Vivo],Day e Lara,['sertanejo pop'],2017-02-17,48,154200,13,0.168,0.665,0.899,0.0,0.93,-3.007,0.0543,166.953,4
222,5HkRowGSUs4H09WKNkVs6W,Brinda e Vira - Ao Vivo,Day e Lara (...) [Ao Vivo],Day e Lara,['sertanejo pop'],2017-02-17,48,180093,6,0.271,0.707,0.865,0.0,0.849,-2.696,0.0326,133.072,4
223,0D3IvO3Qg4io0x5Pa3IYWF,Nadica de Nada - Ao Vivo,Day e Lara (...) [Ao Vivo],Day e Lara,['sertanejo pop'],2017-02-17,48,155813,5,0.277,0.51,0.815,0.0,0.385,-2.993,0.0415,165.909,4
224,6O68utoU3vVus4echnvgFm,Atendo ou Não Atendo (feat. Munhoz & Mariano) - Ao Vivo,Day e Lara (...) [Ao Vivo],Day e Lara,['sertanejo pop'],2017-02-17,48,170106,19,0.38,0.622,0.963,0.0,0.765,-1.461,0.129,166.088,4
225,574DSr4c8NXW8DtyDn7vUj,Eu Dei - Ao Vivo,Day e Lara (...) [Ao Vivo],Day e Lara,['sertanejo pop'],2017-02-17,48,140466,8,0.409,0.616,0.929,0.0,0.528,-2.606,0.0797,91.692,4
226,3efCPCF9xIWKSzK7vpPWUR,Chama Lá - Ao Vivo,Day e Lara (...) [Ao Vivo],Day e Lara,['sertanejo pop'],2017-02-17,48,189973,4,0.245,0.717,0.951,2.05e-06,0.818,-1.848,0.0805,146.016,4
227,2FsHOfrc2dwUwivEz6zovx,"Farra, Pinga E Foguete - Brabo Remix",Sertanejo Remix,Various Artists,"['sertanejo', 'sertanejo pop', 'sertanejo universitario']",2017-02-24,60,171428,0,0.000718,0.746,0.659,0.00528,0.108,-6.663,0.0873,98.251,4
228,4NNyexFOGHkpVUIjppILI1,Amo Noite E Dia - Filipe Guerra Remix,Sertanejo Remix,Various Artists,"['arrocha', 'sertanejo', 'sertanejo universitario']",2017-02-24,81,188229,0,0.0111,0.663,0.828,0.0,0.272,-6.977,0.0366,125.955,4
229,6GQlWqUMxIRYduCTMPy8BL,Zuar E Beber - Ruxell Remix,Sertanejo Remix,Various Artists,"['sertanejo', 'sertanejo universitario']",2017-02-24,61,214928,0,0.00192,0.632,0.97,0.000671,0.333,-2.195,0.051,139.946,4
230,3g7d6Ai5n0BKbMl2ZHU1cT,O Nosso Santo Bateu - Ian Remix,Sertanejo Remix,Various Artists,"['arrocha', 'pop nacional', 'sertanejo pop', 'sertanejo universitario']",2017-02-24,76,148021,0,0.00861,0.636,0.907,9.6e-06,0.0664,-4.994,0.0544,130.05,4
231,0J1Fo5xU6UAkbbOYzdAHDS,Medo Bobo - Remix,Sertanejo Remix,Various Artists,['viral pop brasileiro'],2017-02-24,26,184496,0,0.00438,0.57,0.218,0.000275,0.109,-18.038,0.0467,95.005,4
232,6zCqeUUqLb2CapBmVwAHll,Meu Coração Deu PT - Ao Vivo,Em Casa (Ao Vivo),Wesley Safadão,"['arrocha', 'forro']",2016-09-16,74,183626,52,0.0916,0.647,0.93,0.0,0.401,-3.147,0.0636,133.966,4
233,1WCn5QBp0Kl9uHrR0J02GS,Vou Voando - Ao Vivo,Como. Sempre Feito. Nunca (ao Vivo),Jorge & Mateus,"['arrocha', 'sertanejo', 'sertanejo universitario']",2016-02-19,81,236501,55,0.116,0.608,0.863,1.07e-06,0.585,-1.799,0.0326,136.898,4
234,1xFgXCY8Zvo76gHg4RgUaU,Sosseguei - Ao Vivo,Como. Sempre Feito. Nunca (ao Vivo),Jorge & Mateus,"['arrocha', 'sertanejo', 'sertanejo universitario']",2016-02-19,81,195369,56,0.485,0.58,0.768,0.0,0.452,-3.483,0.0382,134.96,4
235,2KGv51jgAz8OTjNPyRryfq,Pra Sempre Com Você - Ao Vivo,Como. Sempre Feito. Nunca (ao Vivo),Jorge & Mateus,"['arrocha', 'sertanejo', 'sertanejo universitario']",2016-02-19,81,207520,60,0.384,0.625,0.888,0.0,0.874,-2.359,0.0382,97.996,4
236,6D4frKlelg5IBsBjGbpNHq,Dias de Sol - Ao Vivo,Como. Sempre Feito. Nunca (ao Vivo),Jorge & Mateus,"['arrocha', 'sertanejo', 'sertanejo universitario']",2016-02-19,81,186462,39,0.0751,0.608,0.879,0.0,0.37,-2.047,0.0382,138.009,4
237,7CsljtTpvJgqrmlUJOfbF1,Preocupa Não - Ao Vivo,Como. Sempre Feito. Nunca (ao Vivo),Jorge & Mateus,"['arrocha', 'sertanejo', 'sertanejo universitario']",2016-02-19,81,188426,47,0.0734,0.611,0.758,0.0,0.393,-2.545,0.0392,116.012,4
238,70SNcmBfaySraULT9lwlKP,Te Amo Com a Voz Rouca - Ao Vivo,Como. Sempre Feito. Nunca (ao Vivo),Jorge & Mateus,"['arrocha', 'sertanejo', 'sertanejo universitario']",2016-02-19,81,206304,48,0.308,0.523,0.913,0.0,0.431,-1.914,0.0486,179.961,4
239,3dRBzTOu9polrH9U6Vh2zw,Ou Some Ou Soma - Ao Vivo,Como. Sempre Feito. Nunca (ao Vivo),Jorge & Mateus,"['arrocha', 'sertanejo', 'sertanejo universitario']",2016-02-19,81,195954,54,0.0291,0.661,0.918,0.0,0.777,-2.359,0.0686,100.048,4
240,2InJDvDcA4RXEeA9njdibl,Louca de Saudade - Ao Vivo,Como. Sempre Feito. Nunca (ao Vivo),Jorge & Mateus,"['arrocha', 'sertanejo', 'sertanejo universitario']",2016-02-19,81,195573,60,0.539,0.728,0.739,0.0,0.276,-2.729,0.0272,106.017,4
241,6OMa92rG6yo9bqB3mqvczM,Novo Amigo - Ao Vivo,Como. Sempre Feito. Nunca (ao Vivo),Jorge & Mateus,"['arrocha', 'sertanejo', 'sertanejo universitario']",2016-02-19,81,154827,38,0.333,0.513,0.637,0.0,0.283,-4.374,0.0379,139.79,4
242,7tZ2ul7cQBdw7gePR7GhRB,Cenário Ideal - Ao Vivo,Como. Sempre Feito. Nunca (ao Vivo),Jorge & Mateus,"['arrocha', 'sertanejo', 'sertanejo universitario']",2016-02-19,81,247893,46,0.485,0.616,0.706,0.0,0.827,-4.391,0.0477,151.678,4
243,5FdswcTYAQ4O6S9VO8vkAf,O Amor Não É Paixão - Ao Vivo,Como. Sempre Feito. Nunca (ao Vivo),Jorge & Mateus,"['arrocha', 'sertanejo', 'sertanejo universitario']",2016-02-19,81,222826,36,0.245,0.669,0.724,0.0,0.344,-2.831,0.0347,127.888,4
244,4xfANTulrpKbBeoE2A5Zll,Problema - Ao Vivo,Como. Sempre Feito. Nunca (ao Vivo),Jorge & Mateus,"['arrocha', 'sertanejo', 'sertanejo universitario']",2016-02-19,81,172985,49,0.0838,0.673,0.913,0.0,0.516,-2.704,0.0896,174.044,4
245,0TVb5bgJ5Js4ShRaN6SizP,Me Acalma - Ao Vivo,Como. Sempre Feito. Nunca (ao Vivo),Jorge & Mateus,"['arrocha', 'sertanejo', 'sertanejo universitario']",2016-02-19,81,294944,36,0.365,0.595,0.718,9.84e-05,0.963,-6.553,0.0354,80.016,4
246,02uRCMxwVsADO15u8DSIFR,Campeão de Audiência - Ao Vivo,Como. Sempre Feito. Nunca (ao Vivo),Jorge & Mateus,"['arrocha', 'sertanejo', 'sertanejo universitario']",2016-02-19,81,239104,34,0.149,0.742,0.736,0.0,0.318,-4.002,0.0348,118.976,4
247,3AdoxEuoNFyfHwLERsXbVN,Seu Amor Me Tem - Ao Vivo,Como. Sempre Feito. Nunca (ao Vivo),Jorge & Mateus,"['arrocha', 'sertanejo', 'sertanejo universitario']",2016-02-19,81,213133,36,0.138,0.64,0.899,1.59e-05,0.857,-2.329,0.0454,123.093,4
248,6VpTYyjXt3L13k5YEL15KV,Sorte Pra Nós - Ao Vivo,Como. Sempre Feito. Nunca (ao Vivo),Jorge & Mateus,"['arrocha', 'sertanejo', 'sertanejo universitario']",2016-02-19,81,215957,46,0.0876,0.596,0.906,0.0,0.937,-1.841,0.0388,145.087,4
249,5CXnIPD6rTjszYYQm6fY2P,Dirt,Anything Goes,Florida Georgia Line,"['contemporary country', 'country', 'country pop', 'country road', 'modern country rock']",2014-10-14,74,230586,59,0.0638,0.547,0.878,7.08e-06,0.106,-4.224,0.0451,121.973,4
250,5VTckb8MCKolqj8dIPi8KB,Here In the Real World,Genuine: The Alan Jackson Story,Alan Jackson,"['contemporary country', 'country', 'country road']",2015-11-06,71,218266,46,0.0809,0.588,0.419,0.000198,0.115,-8.115,0.0243,86.887,4
251,5oUjEriN3FJRtOy9pfHML5,Wanted,Genuine: The Alan Jackson Story,Alan Jackson,"['contemporary country', 'country', 'country road']",2015-11-06,71,177320,39,0.612,0.636,0.298,4.31e-06,0.162,-8.931,0.0268,89.613,3
252,4dl0wqtGJGmi8hlAzWVs4V,Chasin' That Neon Rainbow,Genuine: The Alan Jackson Story,Alan Jackson,"['contemporary country', 'country', 'country road']",2015-11-06,71,185986,36,0.258,0.712,0.693,0.0,0.085,-6.084,0.0334,148.96,4
253,3SjAMLG5Xvv1zmRu3yFdv9,I'd Love You All Over Again,Genuine: The Alan Jackson Story,Alan Jackson,"['contemporary country', 'country', 'country road']",2015-11-06,71,190520,27,0.11,0.585,0.332,3.92e-05,0.104,-8.393,0.0235,85.557,3
254,1vNwue6ytGPo9QmfglZNZ0,Someday,Genuine: The Alan Jackson Story,Alan Jackson,"['contemporary country', 'country', 'country road']",2015-11-06,71,197600,31,0.203,0.584,0.37,1.13e-05,0.101,-8.003,0.0243,75.431,4
255,6IX9AJCSNoYfnp3kw1wU7K,Dallas,Genuine: The Alan Jackson Story,Alan Jackson,"['contemporary country', 'country', 'country road']",2015-11-06,71,164000,38,0.0508,0.656,0.597,0.000944,0.12,-7.756,0.0299,154.52,4
256,5YcJ8LmCEP7xsOELsSKxqB,Midnight In Montgomery,Genuine: The Alan Jackson Story,Alan Jackson,"['contemporary country', 'country', 'country road']",2015-11-06,71,225400,31,0.489,0.587,0.328,2.23e-06,0.105,-8.451,0.0278,139.986,4
257,3elid6CzQylGAXusAG5fAo,Love's Got a Hold On You,Genuine: The Alan Jackson Story,Alan Jackson,"['contemporary country', 'country', 'country road']",2015-11-06,71,173666,28,0.482,0.655,0.664,0.00409,0.0972,-7.51,0.0307,152.581,4
258,58wip0pv6qsZdKI4IQez0Z,She's Got the Rhythm (And I Got the Blues),Genuine: The Alan Jackson Story,Alan Jackson,"['contemporary country', 'country', 'country road']",2015-11-06,71,144266,36,0.227,0.524,0.69,1.91e-06,0.188,-5.733,0.0349,137.545,3
259,3BCccmUOQK94hbl7usMncQ,Chattahoochee,Genuine: The Alan Jackson Story,Alan Jackson,"['contemporary country', 'country', 'country road']",2015-11-06,71,147880,36,0.315,0.601,0.827,0.0,0.129,-5.793,0.034,174.524,4
260,3AiUpqb8eWbHvQhOvhCZkm,Mercury Blues,Genuine: The Alan Jackson Story,Alan Jackson,"['contemporary country', 'country', 'country road']",2015-11-06,71,218893,29,0.384,0.539,0.834,0.00178,0.0579,-6.233,0.0337,172.006,4
261,6jYB4o0C3pNyFt6hJy7mcF,(Who Says) You Can't Have It All,Genuine: The Alan Jackson Story,Alan Jackson,"['contemporary country', 'country', 'country road']",2015-11-06,71,209226,25,0.305,0.568,0.34,0.0,0.311,-8.176,0.0247,89.554,3
262,73CjugHCkGeRVReH3ZEdmS,Gone Country,Genuine: The Alan Jackson Story,Alan Jackson,"['contemporary country', 'country', 'country road']",2015-11-06,71,259466,33,0.126,0.656,0.734,2.49e-06,0.124,-5.446,0.0257,125.589,4
263,7lG5dfsWs60nkErGFO2Kkl,Born Too Late,Genuine: The Alan Jackson Story,Alan Jackson,"['contemporary country', 'country', 'country road']",2015-11-06,71,313560,24,0.126,0.7,0.398,4.32e-05,0.188,-9.334,0.0249,109.729,3
264,4qy5t7BGRp7klXMA7Fjewt,If Tears Could Talk,Genuine: The Alan Jackson Story,Alan Jackson,"['contemporary country', 'country', 'country road']",2015-11-06,71,226360,28,0.259,0.643,0.558,2.48e-06,0.214,-7.802,0.0241,88.591,4
265,6rvcyQZJcz1fcCzjqUrK26,Seven Bridges Road (Live),Genuine: The Alan Jackson Story,Alan Jackson,"['contemporary country', 'country', 'country road']",2015-11-06,71,249240,30,0.724,0.299,0.596,1.38e-06,0.961,-8.684,0.0906,116.479,4
266,5DtTsLAwX1dytq9Mo6F8Nt,Livin' On Love,Genuine: The Alan Jackson Story,Alan Jackson,"['contemporary country', 'country', 'country road']",2015-11-06,71,228893,40,0.159,0.707,0.657,3.97e-06,0.076,-6.498,0.0265,118.534,4
267,4Ubn0nMiFgwdJvFhU15EAf,I Don't Even Know Your Name,Genuine: The Alan Jackson Story,Alan Jackson,"['contemporary country', 'country', 'country road']",2015-11-06,71,230026,27,0.0497,0.602,0.932,0.0,0.328,-5.535,0.0404,128.822,4
268,6UFqyBItkZ7kUxfmvBJytH,"Tall, Tall Trees",Genuine: The Alan Jackson Story,Alan Jackson,"['contemporary country', 'country', 'country road']",2015-11-06,71,149133,32,0.194,0.676,0.813,0.0,0.121,-5.673,0.0397,145.946,4
269,6uwGjqtklaXgRrDUVRDTBX,I'll Try,Genuine: The Alan Jackson Story,Alan Jackson,"['contemporary country', 'country', 'country road']",2015-11-06,71,232626,43,0.123,0.581,0.463,0.000591,0.0775,-7.93,0.0243,82.555,4
270,1ZkcXmOMTdS1yCZIq7TAKi,Home,Genuine: The Alan Jackson Story,Alan Jackson,"['contemporary country', 'country', 'country road']",2015-11-06,71,198093,27,0.226,0.651,0.35,0.0,0.315,-7.589,0.0277,83.986,4
271,5kq1DkhjYSv4Q84nDvAuE1,Little Bitty,Genuine: The Alan Jackson Story,Alan Jackson,"['contemporary country', 'country', 'country road']",2015-11-06,71,158253,34,0.155,0.574,0.797,0.0,0.331,-7.196,0.0402,162.775,4
272,6X5QiY5ezQ5cq4BdEf9aLA,Who's Cheatin' Who,Genuine: The Alan Jackson Story,Alan Jackson,"['contemporary country', 'country', 'country road']",2015-11-06,71,241613,29,0.225,0.654,0.836,5.96e-06,0.14,-8.15,0.0295,133.242,4
273,6uOBklqDsEIuHQWh5Pf09d,There Goes,Genuine: The Alan Jackson Story,Alan Jackson,"['contemporary country', 'country', 'country road']",2015-11-06,71,235733,26,0.106,0.708,0.502,4.21e-06,0.171,-7.788,0.0265,114.585,4
274,6lsH6jk9zQdeWOMYJd5bGy,Between the Devil and Me,Genuine: The Alan Jackson Story,Alan Jackson,"['contemporary country', 'country', 'country road']",2015-11-06,71,262040,26,0.0391,0.57,0.492,0.0,0.0981,-8.126,0.0253,81.744,4
275,6deEMPq256GyuRInk3PNkE,A House with No Curtains,Genuine: The Alan Jackson Story,Alan Jackson,"['contemporary country', 'country', 'country road']",2015-11-06,71,205746,25,0.233,0.361,0.458,3.72e-06,0.118,-7.839,0.0266,80.392,3
276,7qh2Au9nElqrKPch9mJPA9,I'll Go On Loving You,Genuine: The Alan Jackson Story,Alan Jackson,"['contemporary country', 'country', 'country road']",2015-11-06,71,237600,27,0.437,0.634,0.447,0.212,0.221,-11.912,0.0257,110.937,4
277,1OpvvDk1SC3KPeaXsXbenB,Right On the Money,Genuine: The Alan Jackson Story,Alan Jackson,"['contemporary country', 'country', 'country road']",2015-11-06,71,229613,24,0.375,0.725,0.505,0.0,0.187,-7.579,0.0308,114.011,4
278,5lvJK5WhkgrzCQ7hjypK08,Gone Crazy,Genuine: The Alan Jackson Story,Alan Jackson,"['contemporary country', 'country', 'country road']",2015-11-06,71,230480,27,0.318,0.54,0.405,8.96e-06,0.0963,-9.57,0.0243,76.357,4
279,5RTC3XnrDrhlH3LniiDvnE,Little Man,Genuine: The Alan Jackson Story,Alan Jackson,"['contemporary country', 'country', 'country road']",2015-11-06,71,267266,27,0.219,0.696,0.549,2.02e-06,0.114,-7.467,0.0268,119.789,4
280,2vdxLIWGmqchErnwd5WAsQ,The Blues Man,Genuine: The Alan Jackson Story,Alan Jackson,"['contemporary country', 'country', 'country road']",2015-11-06,71,425826,26,0.199,0.616,0.373,0.0151,0.102,-10.598,0.0242,97.073,4
281,38RllL4dSNMX9XgCJVLtzq,It Must Be Love,Genuine: The Alan Jackson Story,Alan Jackson,"['contemporary country', 'country', 'country road']",2015-11-06,71,171933,29,0.286,0.801,0.707,0.0,0.0609,-7.054,0.0302,112.124,4
282,4JFB4qYdMn1Tv0j0yBcEF3,The Star-Spangled Banner,Genuine: The Alan Jackson Story,Alan Jackson,"['contemporary country', 'country', 'country road']",2015-11-06,71,100666,32,0.851,0.497,0.197,0.0,0.228,-11.671,0.0325,78.769,3
283,1SkZpWMXjhLJETwU2nruiZ,Where I Come From,Genuine: The Alan Jackson Story,Alan Jackson,"['contemporary country', 'country', 'country road']",2015-11-06,71,239400,34,0.197,0.727,0.646,0.0,0.225,-7.736,0.0327,124.72,4
284,4XVLJ62eA8szyqGS7vmVsB,When Somebody Loves You,Genuine: The Alan Jackson Story,Alan Jackson,"['contemporary country', 'country', 'country road']",2015-11-06,71,207573,30,0.759,0.686,0.306,9.18e-05,0.108,-12.811,0.0256,83.849,4
285,4WZLXMN0OK9ywGOjYLy60l,Where Were You (When the World Stopped Turning),Genuine: The Alan Jackson Story,Alan Jackson,"['contemporary country', 'country', 'country road']",2015-11-06,71,305266,26,0.553,0.628,0.397,0.0,0.0752,-9.19,0.0308,115.369,4
286,1OjLXx6SqITH706PmNSb60,Drive (For Daddy Gene),Genuine: The Alan Jackson Story,Alan Jackson,"['contemporary country', 'country', 'country road']",2015-11-06,71,242240,31,0.343,0.71,0.629,0.0,0.116,-6.723,0.0437,125.213,4
287,6CxZi34SzNa3CUssMF4nCg,Work In Progress,Genuine: The Alan Jackson Story,Alan Jackson,"['contemporary country', 'country', 'country road']",2015-11-06,71,247653,24,0.212,0.752,0.669,2.42e-06,0.193,-8.327,0.0452,135.271,4
288,3UDAf6OsdjkxWXXzTXfrlC,That'd Be Alright,Genuine: The Alan Jackson Story,Alan Jackson,"['contemporary country', 'country', 'country road']",2015-11-06,71,221413,26,0.097,0.679,0.773,0.0,0.154,-6.72,0.0266,134.255,4
289,6frDDMJeVZPcjhoDfqdRIW,Remember When,Genuine: The Alan Jackson Story,Alan Jackson,"['contemporary country', 'country', 'country road']",2015-11-06,71,271333,33,0.677,0.558,0.317,0.000229,0.187,-10.186,0.0292,125.607,4
290,24qqfbCW3pvwwsKuEpj6Xf,Too Much of a Good Thing,Genuine: The Alan Jackson Story,Alan Jackson,"['contemporary country', 'country', 'country road']",2015-11-06,71,188320,25,0.19,0.712,0.496,0.000388,0.0966,-7.816,0.0237,108.036,4
291,3bDJCcj23o7rVhLzd19m7y,Small Town Southern Man,Genuine: The Alan Jackson Story,Alan Jackson,"['contemporary country', 'country', 'country road']",2015-11-06,71,280026,32,0.164,0.678,0.584,8.76e-06,0.164,-7.58,0.0244,132.99,4
292,5qt6hoEDa2CqkkFfqbktfU,Good Time,Genuine: The Alan Jackson Story,Alan Jackson,"['contemporary country', 'country', 'country road']",2015-11-06,71,306440,43,0.0727,0.654,0.896,1.31e-06,0.334,-5.879,0.0353,132.031,4
293,5tMRwowpt5cKslEFnQ9JfV,Country Boy,Genuine: The Alan Jackson Story,Alan Jackson,"['contemporary country', 'country', 'country road']",2015-11-06,71,247026,29,0.28,0.725,0.849,0.0,0.109,-6.169,0.0326,139.054,4
294,7M2Mi42fycKJhNX8UB4i4v,As She's Walking Away (feat. Alan Jackson),Genuine: The Alan Jackson Story,Alan Jackson,"['contemporary country', 'country', 'country road', 'modern country rock']",2015-11-06,71,224293,0,0.502,0.551,0.622,0.0,0.123,-6.985,0.0303,184.048,4
295,4ljWVwarlvBTuYYJrNoNhF,Love Is Hard,Genuine: The Alan Jackson Story,Alan Jackson,"['contemporary country', 'country', 'country road']",2015-11-06,71,176093,23,0.203,0.699,0.767,0.0,0.216,-6.037,0.0329,92.025,4
296,0jMikeoKkkSOby4ofddqYs,Better Man,Better Man,Little Big Town,"['contemporary country', 'country', 'country dawn', 'country road']",2016-10-20,65,260933,0,0.108,0.521,0.77,1.58e-05,0.231,-4.266,0.0374,143.948,4
297,5NH1hgZbrQGXMMZKcBQV3l,O Mar Parou,O Mar Parou,Michel Teló,"['axe', 'sertanejo', 'sertanejo pop', 'sertanejo universitario']",2016-12-29,56,165555,0,0.71,0.777,0.821,0.00181,0.335,-2.477,0.0398,97.006,4
298,69uKYDeTWn1wFssqP6OZjb,Escreve Aí - Ao Vivo,Acústico (Ao Vivo),Luan Santana,"['arrocha', 'sertanejo', 'sertanejo pop', 'sertanejo universitario']",2015-04-27,74,243813,51,0.847,0.445,0.476,0.0,0.686,-9.86,0.0457,75.946,4
299,0c26AuUOwLnGKuCWKWhIGm,Depois do Jantar - Ao Vivo,Como. Sempre Feito. Nunca (ao Vivo),Jorge & Mateus,"['arrocha', 'sertanejo', 'sertanejo universitario']",2016-02-19,81,195178,38,0.195,0.559,0.912,0.0,0.141,-2.59,0.0827,182.069,4
300,3AKOiTsXUULTRgVa70jr5K,Esqueceu do Ex,Diferente Como Sempre,Pedro Paulo & Alex,"['sertanejo', 'sertanejo pop', 'sertanejo universitario']",2016,57,162720,0,0.264,0.713,0.589,1.09e-06,0.186,-6.156,0.345,129.953,3
301,1qJTfgpNQXt1FuT3tu6AYv,Se Beber Empolga,Diferente Como Sempre,Pedro Paulo & Alex,"['sertanejo', 'sertanejo pop', 'sertanejo universitario']",2016,57,141933,0,0.0506,0.833,0.852,0.0,0.296,-5.235,0.157,145.808,4
302,2tBh0Eq4vLU4mmvsRCpv5e,Fama do PPA,Diferente Como Sempre,Pedro Paulo & Alex,"['sertanejo', 'sertanejo pop', 'sertanejo universitario']",2016,57,155586,0,0.297,0.73,0.849,0.0,0.044,-4.971,0.29,178.011,4
303,4HifSGtNstk2s6NkLWvk58,Bandona (Divide a Solidão),Diferente Como Sempre,Pedro Paulo & Alex,"['sertanejo', 'sertanejo pop', 'sertanejo universitario']",2016,57,151493,0,0.0575,0.649,0.767,0.0,0.244,-5.115,0.18,184.049,4
304,3yaXVHp1l0VGjmfYZEbphz,Quando o Grave Bate,Diferente Como Sempre,Pedro Paulo & Alex,"['sertanejo', 'sertanejo pop', 'sertanejo universitario']",2016,57,172333,0,0.11,0.912,0.582,0.0,0.0471,-5.898,0.241,135.968,4
305,2poLWuCVPczf18TRlUIy2l,Cê Vai Dançando,Diferente Como Sempre,Pedro Paulo & Alex,"['sertanejo', 'sertanejo pop', 'sertanejo universitario']",2016,57,148146,0,0.195,0.753,0.908,0.0,0.222,-5.793,0.0368,110.035,4
306,1fw2qZurWkk6srcwTPhGeS,Envergo Mais Não Caio,Diferente Como Sempre,Pedro Paulo & Alex,"['sertanejo', 'sertanejo pop', 'sertanejo universitario']",2016,57,152946,0,0.13,0.628,0.872,0.0,0.304,-4.314,0.13,180.127,4
307,3rsFw2d2a5kGnBQ51lpBml,Dose de Você,Diferente Como Sempre,Pedro Paulo & Alex,"['sertanejo', 'sertanejo pop', 'sertanejo universitario']",2016,57,170893,0,0.101,0.586,0.839,0.0,0.354,-4.594,0.112,173.878,4
308,7evTLEOEREJOJ6ro946Wx0,Nem Vai Lembrar,Diferente Como Sempre,Pedro Paulo & Alex,"['sertanejo', 'sertanejo pop', 'sertanejo universitario']",2016,57,198866,0,0.0133,0.543,0.702,0.0,0.17,-5.251,0.0327,102.141,4
309,28bH3CK8eAV6NlhVK6cWwp,PPA no Paredão,Diferente Como Sempre,Pedro Paulo & Alex,"['sertanejo', 'sertanejo pop', 'sertanejo universitario']",2016,57,149626,0,0.0206,0.635,0.867,2.47e-06,0.104,-5.199,0.095,179.826,4
310,0pt39HQRu8scSRqdboI1VY,Entra Nesse Embalo (Vem Que Vem),Diferente Como Sempre,Pedro Paulo & Alex,"['sertanejo', 'sertanejo pop', 'sertanejo universitario']",2016,57,173013,0,0.0678,0.79,0.901,0.0,0.0359,-5.241,0.115,174.007,4
311,3CcgyUBL0fohScxSdSSjHJ,Esconderijo do Prazer,Diferente Como Sempre,Pedro Paulo & Alex,"['sertanejo', 'sertanejo pop', 'sertanejo universitario']",2016,57,153173,0,0.39,0.717,0.879,0.0,0.12,-6.13,0.0583,148.034,4
312,2IP2NXxuMqMh1vfo25l1HJ,Choro Choro de Saudade,Bar do Leo,Leonardo,"['sertanejo', 'sertanejo universitario']",2016-04-25,61,214933,16,0.36,0.661,0.774,0.0,0.349,-3.129,0.0395,125.007,4
313,1CYDGRqAjtwO1RTDXJ96Wu,O Gelo,Bar do Leo,Leonardo,"['sertanejo', 'sertanejo universitario']",2016-04-25,61,177026,15,0.319,0.593,0.773,0.0,0.286,-3.974,0.0384,144.855,4
314,6W16KjRkU8D1bDbobcELJ9,Pergunte ao Dono do Bar,Bar do Leo,Leonardo,"['sertanejo', 'sertanejo universitario']",2016-04-25,61,192293,24,0.518,0.664,0.819,0.0,0.496,-4.43,0.0367,131.008,4
315,66tVTYoi5FXPkd4HHMc93o,Do Bar Pra Igreja,Bar do Leo,Leonardo,"['sertanejo', 'sertanejo universitario']",2016-04-25,61,185746,14,0.428,0.688,0.804,0.0,0.689,-4.311,0.026,128.024,4
316,1rf1ZRUuyPSzF77fJJvwfv,Prazer por Prazer,Bar do Leo,Leonardo,"['sertanejo', 'sertanejo universitario']",2016-04-25,61,193666,20,0.156,0.602,0.718,0.0,0.903,-4.682,0.0319,125.086,4
317,0RlyJ1UdeU0Qo3abX5MkZo,Só um Grande Amor (All Out of Love),Bar do Leo,Leonardo,"['sertanejo', 'sertanejo universitario']",2016-04-25,61,215293,19,0.759,0.616,0.661,0.0,0.694,-5.714,0.0267,107.03,4
318,0P1TduDwCQF1ops55ErEUm,Tranque a Porta e Me Beija,Bar do Leo,Leonardo,"['sertanejo', 'sertanejo universitario']",2016-04-25,61,167386,16,0.317,0.671,0.763,0.0,0.59,-4.055,0.0259,112.924,4
319,0ltz1vtjqKolDlOr2o0llr,Segredo de Alma,Bar do Leo,Leonardo,"['sertanejo', 'sertanejo universitario']",2016-04-25,61,199200,14,0.74,0.756,0.533,0.0,0.105,-7.547,0.0421,101.963,4
320,4Dmx2Mg30A1hQNadEpha5L,Embriagado de Amor,Bar do Leo,Leonardo,"['sertanejo', 'sertanejo universitario']",2016-04-25,61,189480,12,0.479,0.716,0.842,0.0,0.143,-3.923,0.0369,128.026,4
321,0KjtTVRUMsNglRKUfybN8l,Dona do Meu Destino,Bar do Leo,Leonardo,"['sertanejo', 'sertanejo universitario']",2016-04-25,61,235640,18,0.594,0.709,0.693,0.0,0.159,-5.306,0.0266,119.917,4
322,7aRctGUYagVWYSwQ9agpdG,"Linda, Linda",Bar do Leo,Leonardo,"['sertanejo', 'sertanejo universitario']",2016-04-25,61,227973,13,0.506,0.614,0.649,0.0,0.305,-4.524,0.0275,110.99,4
323,2SifwzmJPtcCMH79n31N4x,Bora Tomar uma,Bar do Leo,Leonardo,"['sertanejo', 'sertanejo universitario']",2016-04-25,61,170746,13,0.551,0.685,0.895,0.0,0.408,-4.484,0.0444,110.018,4
324,6qZeysWRgF7oZon2rQ4FS5,Ternura (Somehow It Got to Be Tomorrow),Bar do Leo,Leonardo,"['sertanejo', 'sertanejo universitario']",2016-04-25,61,192840,14,0.487,0.596,0.72,7.28e-06,0.152,-4.608,0.0257,93.206,4
325,0eVOqud46n3q3okOv70Hty,Deixa Que Ela Decide,Deixa Que Ela Decide,Zé Felipe,"['arrocha', 'arrochadeira']",2016-05-12,70,167333,0,0.157,0.874,0.775,0.0,0.252,-5.061,0.166,131.988,4
326,1nZHeMQomc9oJXTJAuV4Qv,Amor Mal Resolvido - Ao Vivo,Amor Mal Resolvido (Ao Vivo),Simone & Simaria,"['funk carioca', 'pop nacional', 'sertanejo', 'sertanejo pop', 'sertanejo universitario']",2016-08-05,63,199844,0,0.59,0.698,0.731,0.0,0.666,-3.951,0.0464,79.981,4
327,2DAGCHu5aoo2FOjmtU9ojo,50 Reais,50 Reais,Naiara Azevedo,"['funk carioca', 'sertanejo', 'sertanejo pop', 'sertanejo universitario']",2016-04-28,54,207104,56,0.206,0.778,0.826,0.0,0.761,-2.798,0.212,139.042,4
328,2FqosNGYTFddG0Ev62wKEa,De Vez Outra Vez - Ao Vivo,Novas Histórias (Ao Vivo),Henrique & Juliano,"['arrocha', 'sertanejo universitario']",2016-03-18,80,167173,0,0.66,0.621,0.739,0.0,0.467,-5.809,0.0367,118.4,4
329,4J0fKTG6zSmdGgFxfagviP,Parece Piada - Ao Vivo,Parece Piada - Single (Ao Vivo),Henrique & Juliano,"['arrocha', 'sertanejo universitario']",2015-12-11,80,180169,0,0.512,0.623,0.877,0.0,0.309,-3.291,0.0625,93.907,4
330,6JkxJ498sLS1Omd2rzIo1M,Show Completo - Ao Vivo,Show Completo | Ao Vivo em Goiânia,Maiara & Maraisa,"['sertanejo', 'sertanejo pop', 'sertanejo universitario']",2015-08-14,76,159546,0,0.516,0.644,0.934,0.0,0.981,-2.166,0.232,153.981,4
331,3z9nCKJRmq4hgqnZkEK4S4,Quase um Casal - Ao Vivo,Show Completo | Ao Vivo em Goiânia,Maiara & Maraisa,"['sertanejo', 'sertanejo pop', 'sertanejo universitario']",2015-08-14,76,178386,0,0.564,0.613,0.951,0.0,0.641,-2.376,0.191,169.952,4
332,0uVNiYUCSjnLe97osaY1gi,Você Se Transformou - Ao Vivo,Show Completo | Ao Vivo em Goiânia,Maiara & Maraisa,"['sertanejo', 'sertanejo pop', 'sertanejo universitario']",2015-08-14,76,193053,0,0.621,0.596,0.791,0.0,0.839,-2.436,0.0394,113.878,4
333,004CGpogUvPJGm0HaAmqDm,Mexidinho - Ao Vivo,Show Completo | Ao Vivo em Goiânia,Maiara & Maraisa,"['sertanejo', 'sertanejo pop', 'sertanejo universitario']",2015-08-14,76,149240,0,0.627,0.546,0.938,0.0,0.366,-2.791,0.244,182.19,4
334,4zN49EK4YVTss4qq03mH42,Se Olha no Espelho - Ao Vivo,Show Completo | Ao Vivo em Goiânia,Maiara & Maraisa,"['sertanejo', 'sertanejo pop', 'sertanejo universitario']",2015-08-14,76,211920,0,0.595,0.348,0.746,0.0,0.881,-3.571,0.0625,206.929,4
335,1Nb9EWTDra8W04ycJ9MOoQ,No Dia do Seu Casamento - Ao Vivo,Show Completo | Ao Vivo em Goiânia,Maiara & Maraisa,"['sertanejo', 'sertanejo pop', 'sertanejo universitario']",2015-08-14,76,179000,0,0.479,0.53,0.867,0.0,0.747,-3.455,0.104,147.926,4
336,3EYIDzb733sCNtDLRDPJit,Fala a Verdade - Ao Vivo,Show Completo | Ao Vivo em Goiânia,Maiara & Maraisa,"['sertanejo', 'sertanejo pop', 'sertanejo universitario']",2015-08-14,76,153013,0,0.58,0.561,0.955,0.0,0.967,-3.147,0.122,166.032,4
337,7vtMB9X1lHuWqwJvigMkMc,Te Procurava de Novo - Ao Vivo,Show Completo | Ao Vivo em Goiânia,Maiara & Maraisa,"['sertanejo', 'sertanejo pop', 'sertanejo universitario']",2015-08-14,76,163133,0,0.694,0.49,0.942,0.0,0.426,-2.822,0.0707,163.654,4
338,42SxmvTMclOGPHWLDKGWVd,Pessoa Errada - Ao Vivo,Show Completo | Ao Vivo em Goiânia,Maiara & Maraisa,"['sertanejo', 'sertanejo pop', 'sertanejo universitario']",2015-08-14,76,205653,0,0.605,0.499,0.851,0.0,0.868,-2.983,0.0594,142.961,4
339,2ql6LMoZ7zID31pJuMTqih,Sem Tirar a Roupa - Ao Vivo,Show Completo | Ao Vivo em Goiânia,Maiara & Maraisa,"['sertanejo', 'sertanejo pop', 'sertanejo universitario']",2015-08-14,76,193160,0,0.244,0.619,0.934,0.0,0.846,-2.993,0.0777,104.059,4
340,0Hsv876B7Xf3x4CS7vyhit,Dois Idiotas - Ao Vivo,Show Completo | Ao Vivo em Goiânia,Maiara & Maraisa,"['sertanejo', 'sertanejo pop', 'sertanejo universitario']",2015-08-14,76,202853,0,0.781,0.597,0.879,0.0,0.716,-2.811,0.0432,113.815,4
341,4pz6JFbCuvLDKh1T8b5cXi,Motel - Ao Vivo,Show Completo | Ao Vivo em Goiânia,Maiara & Maraisa,"['sertanejo', 'sertanejo pop', 'sertanejo universitario']",2015-08-14,76,189573,0,0.64,0.683,0.717,0.0,0.734,-3.247,0.0413,124.037,4
342,7gJNqt7h5fYoXC4odCdc0T,Encontro Com o Passado - Ao Vivo,Show Completo | Ao Vivo em Goiânia,Maiara & Maraisa,"['sertanejo', 'sertanejo pop', 'sertanejo universitario']",2015-08-14,76,182786,0,0.292,0.433,0.91,0.0,0.873,-2.754,0.233,165.527,4
343,1bvwEVvH8nS6ZH5d3xTskw,Luz de Velas - Ao Vivo,Show Completo | Ao Vivo em Goiânia,Maiara & Maraisa,"['sertanejo', 'sertanejo pop', 'sertanejo universitario']",2015-08-14,76,179226,0,0.359,0.54,0.879,0.0,0.69,-2.188,0.126,150.263,4
344,5aK2GA5hrjxBjS5s4gnP9W,Turma do A A - Ao Vivo,Show Completo | Ao Vivo em Goiânia,Maiara & Maraisa,"['sertanejo', 'sertanejo pop', 'sertanejo universitario']",2015-08-14,76,156666,0,0.417,0.689,0.96,0.0,0.875,-3.329,0.0416,149.969,4
345,0CdQAFRsDXUQDiN2csLdp6,É Rolo - Ao Vivo,Show Completo | Ao Vivo em Goiânia,Maiara & Maraisa,"['sertanejo', 'sertanejo pop', 'sertanejo universitario']",2015-08-14,76,199106,0,0.521,0.34,0.888,0.0,0.691,-3.066,0.155,193.997,4
346,3VXVXN0MBCwZPEiUbhwGsG,10% - Ao Vivo,Show Completo | Ao Vivo em Goiânia,Maiara & Maraisa,"['sertanejo', 'sertanejo pop', 'sertanejo universitario']",2015-08-14,76,174653,0,0.514,0.634,0.949,0.0,0.867,-2.838,0.0915,153.992,4
347,4JWvILyOVmhPqXgSSjVB4p,Te Assumi Pro Brasil - Ao Vivo,Te Assumi Pro Brasil (Na Praia 2 / Ao Vivo),Matheus & Kauan,"['arrocha', 'pop nacional', 'sertanejo pop', 'sertanejo universitario']",2016-11-11,76,162464,0,0.0945,0.627,0.822,0.0,0.378,-4.421,0.0491,125.957,4
348,3th4HHrJnDK7EHOlRGr4NV,Poeira da Lua,Poeira da Lua - Single,Marcos & Belutti,"['sertanejo', 'sertanejo pop', 'sertanejo universitario']",2015-05-04,58,194711,0,0.58,0.486,0.571,0.0,0.138,-4.068,0.0311,150.116,4
349,02cLedGnPlV4uqAWrJj7gR,Luz Apagada,Onde Tudo Começou,Zé Ricardo & Thiago,['sertanejo pop'],2015-10-16,43,187520,14,0.245,0.789,0.84,0.0,0.973,-4.677,0.0731,130.104,4
350,5fphkEmVP9cTdU0LbuqLQO,Me Adora,Chiaroscuro,Pitty,"['brazilian rock', 'hard rock brasileiro', 'mpb', 'pop rock brasileiro', 'rock baiano']",2009-08-01,60,271226,60,0.0597,0.588,0.922,1.08e-05,0.141,-3.259,0.0525,111.968,4
351,5E1Rmthk2XO2poZWt11GAm,I Love The USA,I Love The USA,Weezer,"['alternative rock', 'modern power pop', 'modern rock', 'permanent wave', 'rock']",2016-09-02,72,189742,0,0.0695,0.541,0.59,0.00744,0.145,-6.631,0.0294,107.953,4
352,6s3GEN8wK0OMzzzZbXj0fu,Hymn for the Weekend - Seeb Remix,Hymn for the Weekend (Seeb Remix),Coldplay,"['permanent wave', 'pop']",2016-03-25,88,212647,67,0.00868,0.565,0.849,4.68e-06,0.12,-3.516,0.0517,102.034,4
353,23L5CiUhw2jV1OIMwthR3S,In the Name of Love,In the Name of Love,Martin Garrix,"['dance pop', 'dutch edm', 'edm', 'electro house', 'pop', 'pop dance', 'progressive house', 'tropical house']",2016-07-29,75,195706,79,0.109,0.501,0.519,0.0,0.454,-5.88,0.0409,133.99,4
354,7BKLCZ1jbUBVqRi2FVlTVw,Closer,Closer,The Chainsmokers,"['dance pop', 'edm', 'electropop', 'pop', 'pop dance', 'tropical house']",2016-07-29,79,244960,84,0.414,0.748,0.524,0.0,0.111,-5.599,0.0338,95.01,4
355,3ViMAvyCcmbRauKuoP2GJm,Old Yellow Bricks,Favourite Worst Nightmare,Arctic Monkeys,"['garage rock', 'modern rock', 'permanent wave', 'rock', 'sheffield indie']",2007-04-22,87,193226,0,0.000147,0.66,0.837,6.62e-06,0.0788,-4.315,0.0682,135.158,4
356,7MeXwzhSDGfqNfuFANgzVC,Toxicity,Toxicity,System Of A Down,"['alternative metal', 'nu metal', 'rap metal']",2001-01-01,77,218933,0,0.000254,0.407,0.876,0.00265,0.215,-4.145,0.0529,116.335,3
357,1ez4uWPnJwYufNhYTLVsJr,Soldier Side,Hypnotize,System Of A Down,"['alternative metal', 'nu metal', 'rap metal']",2005-11-22,77,220266,61,0.264,0.373,0.818,2.42e-06,0.119,-1.691,0.0352,76.474,4
358,5JzF2iymNwCyFz9MTmojd0,Why Don't You Get a Job?,Americana,The Offspring,"['alternative metal', 'permanent wave', 'punk', 'rock', 'skate punk', 'socal pop punk']",1998-11-17,75,171866,0,0.0707,0.772,0.878,1.55e-06,0.303,-4.479,0.0806,107.951,4
359,0oEweHsuQagFuqXct9UvBm,What You Know,Tourist History,Two Door Cinema Club,"['indietronica', 'irish rock', 'modern rock', 'northern irish indie', 'rock']",2010-04-27,66,191426,59,0.000741,0.549,0.755,6.06e-06,0.0786,-3.991,0.0403,139.034,4
360,0qgiFuYhYuwtFXEwYakddE,I Will Survive,Fashion Nugget,CAKE,"['alternative rock', 'modern rock', 'pop rock', 'rock', 'sacramento indie']",1996-09-17,60,310333,13,0.306,0.501,0.69,0.000162,0.133,-7.953,0.0317,95.758,4
361,2IZZqH4K02UIYg5EohpNHF,Zombie,No Need To Argue,The Cranberries,"['irish rock', 'pop rock']",1994-10-03,71,306426,4,0.0154,0.307,0.635,0.00483,0.366,-8.957,0.0339,166.973,4
362,4F8xzq2XQ82zMBypnQ3gvB,Clap Snap,Emergency EP,Icona Pop,"['candy pop', 'dance pop', 'edm', 'electropop', 'metropopolis', 'pop', 'swedish electropop', 'swedish synthpop']",2015-07-17,64,164399,55,0.0464,0.897,0.794,0.0816,0.0482,-4.642,0.0571,130.01,4
363,2aU56ZwZBtPcBjz60OS6gO,Glory To The Brave,Steel Meets Steel - 10 Years Of Glory,HammerFall,"['gothenburg metal', 'melodic metal', 'metal', 'neo classical metal', 'power metal', 'swedish power metal']",2007-10-23,55,440293,0,0.0495,0.468,0.651,0.000673,0.212,-9.287,0.034,124.017,4
364,6jg3Om6ZBMKlylforWGPEC,War of Change,The End Is Where We Begin,Thousand Foot Krutch,"['alternative metal', 'canadian ccm', 'canadian metal', 'canadian rock', 'christian alternative rock', 'christian rock', 'nu metal', 'rap metal']",2012-04-17,63,231666,0,0.00229,0.532,0.878,0.000282,0.0771,-4.431,0.0326,104.026,4
365,5nOGEQEygX0UZykh76c6vc,El Viejo,Normalmente Anormal,La Vela Puerca,"['latin alternative', 'latin rock', 'reggae uruguayo', 'rock en espanol', 'rock uruguayo']",2009,60,182346,0,0.304,0.565,0.905,0.0,0.593,-4.744,0.0433,118.128,4
366,7EzBtdvc3h09uEnn3Ikshf,Mesmo Que Mude,Eles São Assim. E Assim por Diante.,Bidê ou Balde,"['brazilian rock', 'rock gaucho']",2012-12-03,35,288613,0,0.0112,0.589,0.766,0.0,0.109,-4.466,0.0295,142.012,4
367,3MjrueDQKVr6xDDseZwhEd,Figure It Out,Royal Blood,Royal Blood,"['alternative rock', 'brighton indie', 'garage rock', 'modern alternative rock', 'modern blues rock', 'modern hard rock', 'modern rock', 'rock']",2014-08-22,63,183602,66,0.229,0.658,0.814,0.00676,0.216,-4.631,0.0558,108.016,4
368,15mzvqTjdX7RDh7qy60kGT,Wolf,Stone Giant,Stone Giant,[],2015-05-17,16,217813,15,0.0693,0.489,0.618,0.0212,0.435,-5.449,0.0545,113.203,4
369,4CSrkP9hR5x1Hcx8Znim8M,Talvez,Sol-Te,Suricato,"['folk brasileiro', 'nova mpb']",2014-10-20,42,154533,22,0.0328,0.669,0.71,0.0,0.108,-6.234,0.0436,107.075,4
370,1ZG6gVhMutKqmL3MUkHt9s,Wizard of Tempest,Hourglass,Pandora 101,"['brazilian metal', 'brazilian progressive metal']",2009-10-01,15,422534,0,0.582,0.278,0.499,0.00276,0.103,-6.648,0.0263,100.229,4
371,00bHVjPL7arXz9W59VKo5m,Animal Style,Animal Style,Biffy Clyro,"['modern rock', 'scottish rock']",2016-05-25,60,210373,19,0.000448,0.472,0.898,0.0,0.142,-2.503,0.0684,139.728,4
372,5uSKP5cqw0C2jfykeRti9y,Komplett im Arsch,Scheitern und Verstehen,Feine Sahne Fischfilet,"['antideutsche', 'german punk', 'german rock', 'german ska']",2012-11-09,49,283653,0,0.0083,0.597,0.895,0.0,0.154,-4.313,0.246,139.831,4
373,03exGICvveTic0aLUiviXk,Brothers and Sisters,Great Divide,Twin Atlantic,"['british alternative rock', 'modern alternative rock', 'modern rock', 'scottish rock']",2014-08-19,41,222308,0,0.0152,0.498,0.829,2.25e-05,0.154,-4.994,0.0415,125.012,4
374,1fS9dkLwdK7oGuH0aQ7aHd,Get Through This,Art of Dying,Art Of Dying,"['alternative metal', 'christian rock', 'gymcore', 'nu metal', 'post-grunge', 'post-screamo', 'rap rock']",2006-01-01,46,148106,46,0.000249,0.561,0.929,0.00027,0.0588,-3.201,0.128,133.129,4
375,5Xak5fmy089t0FYmh3VJiY,Black,Ten,Pearl Jam,"['alternative rock', 'grunge', 'permanent wave', 'rock']",1991-08-27,73,342653,73,0.323,0.36,0.684,0.0,0.34,-6.457,0.0308,77.15,4
376,6yl8Es1tCYD9WdSkeVLFw4,You Shook Me All Night Long,Who Made Who,AC/DC,"['australian rock', 'hard rock', 'rock']",1986-05-24,80,210880,64,0.00224,0.529,0.768,0.00075,0.297,-5.51,0.0566,127.316,4
